stim_ID,true_label,bg_hue,bg_r,bg_g,bg_b,obj_r,obj_g,obj_b,bg_int,obj_int,delta_int,bg_sat,obj_sat,delta_sat,hsv_bg,hsv_obj,delta_hsv
0,gray_d,gray,0.0,0.0,0.0,0.3,0.3,0.3,0.0,0.3,-0.3,0.0,0.0,0.0,"[0.000000,0.000000,0.000000]","[0.000000,0.000000,0.300000]","[0.000000,0.000000,0.300000]"
1,gray_d,gray,0.7,0.7,0.7,0.3,0.3,0.3,0.7,0.3,0.4,0.0,0.0,0.0,"[0.000000,0.000000,0.700000]","[0.000000,0.000000,0.300000]","[0.000000,0.000000,-0.400000]"
2,gray_d,red,0.09999999999999998,0.09999999999999998,0.09999999999999998,0.3,0.3,0.3,0.09999999999999998,0.3,-0.2,0.0,0.0,0.0,"[0.000000,0.000000,0.100000]","[0.000000,0.000000,0.300000]","[0.000000,0.000000,0.200000]"
3,gray_d,red,0.09999999999999998,0.04999999999999999,0.04999999999999999,0.3,0.3,0.3,0.09999999999999998,0.3,-0.2,0.5,0.0,0.5,"[0.000000,0.500000,0.100000]","[0.000000,0.000000,0.300000]","[0.000000,-0.500000,0.200000]"
4,gray_d,red,0.09999999999999998,0.0,0.0,0.3,0.3,0.3,0.09999999999999998,0.3,-0.2,1.0,0.0,1.0,"[0.000000,1.000000,0.100000]","[0.000000,0.000000,0.300000]","[0.000000,-1.000000,0.200000]"
5,gray_d,red,0.5,0.5,0.5,0.3,0.3,0.3,0.5,0.3,0.2,0.0,0.0,0.0,"[0.000000,0.000000,0.500000]","[0.000000,0.000000,0.300000]","[0.000000,0.000000,-0.200000]"
6,gray_d,red,0.5,0.25,0.25,0.3,0.3,0.3,0.5,0.3,0.2,0.5,0.0,0.5,"[0.000000,0.500000,0.500000]","[0.000000,0.000000,0.300000]","[0.000000,-0.500000,-0.200000]"
7,gray_d,red,0.5,0.0,0.0,0.3,0.3,0.3,0.5,0.3,0.2,1.0,0.0,1.0,"[0.000000,1.000000,0.500000]","[0.000000,0.000000,0.300000]","[0.000000,-1.000000,-0.200000]"
8,gray_d,green,0.04999999999999999,0.09999999999999998,0.04999999999999999,0.3,0.3,0.3,0.09999999999999998,0.3,-0.2,0.5,0.0,0.5,"[0.333333,0.500000,0.100000]","[0.000000,0.000000,0.300000]","[-0.333333,-0.500000,0.200000]"
9,gray_d,green,0.0,0.09999999999999998,0.0,0.3,0.3,0.3,0.09999999999999998,0.3,-0.2,1.0,0.0,1.0,"[0.333333,1.000000,0.100000]","[0.000000,0.000000,0.300000]","[-0.333333,-1.000000,0.200000]"
10,gray_d,green,0.25,0.5,0.25,0.3,0.3,0.3,0.5,0.3,0.2,0.5,0.0,0.5,"[0.333333,0.500000,0.500000]","[0.000000,0.000000,0.300000]","[-0.333333,-0.500000,-0.200000]"
11,gray_d,green,0.0,0.5,0.0,0.3,0.3,0.3,0.5,0.3,0.2,1.0,0.0,1.0,"[0.333333,1.000000,0.500000]","[0.000000,0.000000,0.300000]","[-0.333333,-1.000000,-0.200000]"
12,gray_d,blue,0.04999999999999999,0.04999999999999999,0.09999999999999998,0.3,0.3,0.3,0.09999999999999998,0.3,-0.2,0.5,0.0,0.5,"[0.666667,0.500000,0.100000]","[0.000000,0.000000,0.300000]","[0.333333,-0.500000,0.200000]"
13,gray_d,blue,0.0,0.0,0.09999999999999998,0.3,0.3,0.3,0.09999999999999998,0.3,-0.2,1.0,0.0,1.0,"[0.666667,1.000000,0.100000]","[0.000000,0.000000,0.300000]","[0.333333,-1.000000,0.200000]"
14,gray_d,blue,0.25,0.25,0.5,0.3,0.3,0.3,0.5,0.3,0.2,0.5,0.0,0.5,"[0.666667,0.500000,0.500000]","[0.000000,0.000000,0.300000]","[0.333333,-0.500000,-0.200000]"
15,gray_d,blue,0.0,0.0,0.5,0.3,0.3,0.3,0.5,0.3,0.2,1.0,0.0,1.0,"[0.666667,1.000000,0.500000]","[0.000000,0.000000,0.300000]","[0.333333,-1.000000,-0.200000]"
16,gray_d,yellow,0.09999999999999998,0.09999999999999998,0.04999999999999999,0.3,0.3,0.3,0.09999999999999998,0.3,-0.2,0.5,0.0,0.5,"[0.166667,0.500000,0.100000]","[0.000000,0.000000,0.300000]","[-0.166667,-0.500000,0.200000]"
17,gray_d,yellow,0.09999999999999998,0.09999999999999998,0.0,0.3,0.3,0.3,0.09999999999999998,0.3,-0.2,1.0,0.0,1.0,"[0.166667,1.000000,0.100000]","[0.000000,0.000000,0.300000]","[-0.166667,-1.000000,0.200000]"
18,gray_d,yellow,0.5,0.5,0.25,0.3,0.3,0.3,0.5,0.3,0.2,0.5,0.0,0.5,"[0.166667,0.500000,0.500000]","[0.000000,0.000000,0.300000]","[-0.166667,-0.500000,-0.200000]"
19,gray_d,yellow,0.5,0.5,0.0,0.3,0.3,0.3,0.5,0.3,0.2,1.0,0.0,1.0,"[0.166667,1.000000,0.500000]","[0.000000,0.000000,0.300000]","[-0.166667,-1.000000,-0.200000]"
20,gray_l,gray,0.29999999999999993,0.29999999999999993,0.29999999999999993,0.7,0.7,0.7,0.29999999999999993,0.7,-0.4,0.0,0.0,0.0,"[0.000000,0.000000,0.300000]","[0.000000,0.000000,0.700000]","[0.000000,0.000000,0.400000]"
21,gray_l,gray,1.0,1.0,1.0,0.7,0.7,0.7,1.0,0.7,0.30000000000000004,0.0,0.0,0.0,"[0.000000,0.000000,1.000000]","[0.000000,0.000000,0.700000]","[0.000000,0.000000,-0.300000]"
22,gray_l,red,0.49999999999999994,0.49999999999999994,0.49999999999999994,0.7,0.7,0.7,0.49999999999999994,0.7,-0.2,0.0,0.0,0.0,"[0.000000,0.000000,0.500000]","[0.000000,0.000000,0.700000]","[0.000000,0.000000,0.200000]"
23,gray_l,red,0.49999999999999994,0.24999999999999997,0.24999999999999997,0.7,0.7,0.7,0.49999999999999994,0.7,-0.2,0.5,0.0,0.5,"[0.000000,0.500000,0.500000]","[0.000000,0.000000,0.700000]","[0.000000,-0.500000,0.200000]"
24,gray_l,red,0.49999999999999994,0.0,0.0,0.7,0.7,0.7,0.49999999999999994,0.7,-0.2,1.0,0.0,1.0,"[0.000000,1.000000,0.500000]","[0.000000,0.000000,0.700000]","[0.000000,-1.000000,0.200000]"
25,gray_l,red,0.8999999999999999,0.8999999999999999,0.8999999999999999,0.7,0.7,0.7,0.8999999999999999,0.7,0.2,0.0,0.0,0.0,"[0.000000,0.000000,0.900000]","[0.000000,0.000000,0.700000]","[0.000000,0.000000,-0.200000]"
26,gray_l,red,0.8999999999999999,0.44999999999999996,0.44999999999999996,0.7,0.7,0.7,0.8999999999999999,0.7,0.2,0.5,0.0,0.5,"[0.000000,0.500000,0.900000]","[0.000000,0.000000,0.700000]","[0.000000,-0.500000,-0.200000]"
27,gray_l,red,0.8999999999999999,0.0,0.0,0.7,0.7,0.7,0.8999999999999999,0.7,0.2,1.0,0.0,1.0,"[0.000000,1.000000,0.900000]","[0.000000,0.000000,0.700000]","[0.000000,-1.000000,-0.200000]"
28,gray_l,green,0.24999999999999997,0.49999999999999994,0.24999999999999997,0.7,0.7,0.7,0.49999999999999994,0.7,-0.2,0.5,0.0,0.5,"[0.333333,0.500000,0.500000]","[0.000000,0.000000,0.700000]","[-0.333333,-0.500000,0.200000]"
29,gray_l,green,0.0,0.49999999999999994,0.0,0.7,0.7,0.7,0.49999999999999994,0.7,-0.2,1.0,0.0,1.0,"[0.333333,1.000000,0.500000]","[0.000000,0.000000,0.700000]","[-0.333333,-1.000000,0.200000]"
30,gray_l,green,0.44999999999999996,0.8999999999999999,0.44999999999999996,0.7,0.7,0.7,0.8999999999999999,0.7,0.2,0.5,0.0,0.5,"[0.333333,0.500000,0.900000]","[0.000000,0.000000,0.700000]","[-0.333333,-0.500000,-0.200000]"
31,gray_l,green,0.0,0.8999999999999999,0.0,0.7,0.7,0.7,0.8999999999999999,0.7,0.2,1.0,0.0,1.0,"[0.333333,1.000000,0.900000]","[0.000000,0.000000,0.700000]","[-0.333333,-1.000000,-0.200000]"
32,gray_l,blue,0.24999999999999997,0.24999999999999997,0.49999999999999994,0.7,0.7,0.7,0.49999999999999994,0.7,-0.2,0.5,0.0,0.5,"[0.666667,0.500000,0.500000]","[0.000000,0.000000,0.700000]","[0.333333,-0.500000,0.200000]"
33,gray_l,blue,0.0,0.0,0.49999999999999994,0.7,0.7,0.7,0.49999999999999994,0.7,-0.2,1.0,0.0,1.0,"[0.666667,1.000000,0.500000]","[0.000000,0.000000,0.700000]","[0.333333,-1.000000,0.200000]"
34,gray_l,blue,0.44999999999999996,0.44999999999999996,0.8999999999999999,0.7,0.7,0.7,0.8999999999999999,0.7,0.2,0.5,0.0,0.5,"[0.666667,0.500000,0.900000]","[0.000000,0.000000,0.700000]","[0.333333,-0.500000,-0.200000]"
35,gray_l,blue,0.0,0.0,0.8999999999999999,0.7,0.7,0.7,0.8999999999999999,0.7,0.2,1.0,0.0,1.0,"[0.666667,1.000000,0.900000]","[0.000000,0.000000,0.700000]","[0.333333,-1.000000,-0.200000]"
36,gray_l,yellow,0.49999999999999994,0.49999999999999994,0.24999999999999997,0.7,0.7,0.7,0.49999999999999994,0.7,-0.2,0.5,0.0,0.5,"[0.166667,0.500000,0.500000]","[0.000000,0.000000,0.700000]","[-0.166667,-0.500000,0.200000]"
37,gray_l,yellow,0.49999999999999994,0.49999999999999994,0.0,0.7,0.7,0.7,0.49999999999999994,0.7,-0.2,1.0,0.0,1.0,"[0.166667,1.000000,0.500000]","[0.000000,0.000000,0.700000]","[-0.166667,-1.000000,0.200000]"
38,gray_l,yellow,0.8999999999999999,0.8999999999999999,0.44999999999999996,0.7,0.7,0.7,0.8999999999999999,0.7,0.2,0.5,0.0,0.5,"[0.166667,0.500000,0.900000]","[0.000000,0.000000,0.700000]","[-0.166667,-0.500000,-0.200000]"
39,gray_l,yellow,0.8999999999999999,0.8999999999999999,0.0,0.7,0.7,0.7,0.8999999999999999,0.7,0.2,1.0,0.0,1.0,"[0.166667,1.000000,0.900000]","[0.000000,0.000000,0.700000]","[-0.166667,-1.000000,-0.200000]"
40,red,gray,0.0,0.0,0.0,0.3,0.21,0.21,0.0,0.3,-0.3,0.0,0.3,-0.3,"[0.000000,0.000000,0.000000]","[0.000000,0.300000,0.300000]","[0.000000,0.300000,0.300000]"
41,red,gray,0.7,0.7,0.7,0.3,0.21,0.21,0.7,0.3,0.4,0.0,0.3,-0.3,"[0.000000,0.000000,0.700000]","[0.000000,0.300000,0.300000]","[0.000000,0.300000,-0.400000]"
42,red,red,0.09999999999999998,0.08999999999999998,0.08999999999999998,0.3,0.21,0.21,0.09999999999999998,0.3,-0.2,0.09999999999999998,0.3,-0.2,"[0.000000,0.100000,0.100000]","[0.000000,0.300000,0.300000]","[0.000000,0.200000,0.200000]"
43,red,red,0.09999999999999998,0.01999999999999999,0.01999999999999999,0.3,0.21,0.21,0.09999999999999998,0.3,-0.2,0.8,0.3,0.5,"[0.000000,0.800000,0.100000]","[0.000000,0.300000,0.300000]","[0.000000,-0.500000,0.200000]"
44,red,red,0.09999999999999998,0.0,0.0,0.3,0.21,0.21,0.09999999999999998,0.3,-0.2,1.0,0.3,0.7,"[0.000000,1.000000,0.100000]","[0.000000,0.300000,0.300000]","[0.000000,-0.700000,0.200000]"
45,red,red,0.5,0.45,0.45,0.3,0.21,0.21,0.5,0.3,0.2,0.09999999999999998,0.3,-0.2,"[0.000000,0.100000,0.500000]","[0.000000,0.300000,0.300000]","[0.000000,0.200000,-0.200000]"
46,red,red,0.5,0.09999999999999998,0.09999999999999998,0.3,0.21,0.21,0.5,0.3,0.2,0.8,0.3,0.5,"[0.000000,0.800000,0.500000]","[0.000000,0.300000,0.300000]","[0.000000,-0.500000,-0.200000]"
47,red,red,0.5,0.0,0.0,0.3,0.21,0.21,0.5,0.3,0.2,1.0,0.3,0.7,"[0.000000,1.000000,0.500000]","[0.000000,0.300000,0.300000]","[0.000000,-0.700000,-0.200000]"
48,red,green,0.08999999999999998,0.09999999999999998,0.08999999999999998,0.3,0.21,0.21,0.09999999999999998,0.3,-0.2,0.09999999999999998,0.3,-0.2,"[0.333333,0.100000,0.100000]","[0.000000,0.300000,0.300000]","[-0.333333,0.200000,0.200000]"
49,red,green,0.01999999999999999,0.09999999999999998,0.01999999999999999,0.3,0.21,0.21,0.09999999999999998,0.3,-0.2,0.8,0.3,0.5,"[0.333333,0.800000,0.100000]","[0.000000,0.300000,0.300000]","[-0.333333,-0.500000,0.200000]"
50,red,green,0.0,0.09999999999999998,0.0,0.3,0.21,0.21,0.09999999999999998,0.3,-0.2,1.0,0.3,0.7,"[0.333333,1.000000,0.100000]","[0.000000,0.300000,0.300000]","[-0.333333,-0.700000,0.200000]"
51,red,green,0.45,0.5,0.45,0.3,0.21,0.21,0.5,0.3,0.2,0.09999999999999998,0.3,-0.2,"[0.333333,0.100000,0.500000]","[0.000000,0.300000,0.300000]","[-0.333333,0.200000,-0.200000]"
52,red,green,0.09999999999999998,0.5,0.09999999999999998,0.3,0.21,0.21,0.5,0.3,0.2,0.8,0.3,0.5,"[0.333333,0.800000,0.500000]","[0.000000,0.300000,0.300000]","[-0.333333,-0.500000,-0.200000]"
53,red,green,0.0,0.5,0.0,0.3,0.21,0.21,0.5,0.3,0.2,1.0,0.3,0.7,"[0.333333,1.000000,0.500000]","[0.000000,0.300000,0.300000]","[-0.333333,-0.700000,-0.200000]"
54,red,blue,0.08999999999999998,0.08999999999999998,0.09999999999999998,0.3,0.21,0.21,0.09999999999999998,0.3,-0.2,0.09999999999999998,0.3,-0.2,"[0.666667,0.100000,0.100000]","[0.000000,0.300000,0.300000]","[0.333333,0.200000,0.200000]"
55,red,blue,0.01999999999999999,0.01999999999999999,0.09999999999999998,0.3,0.21,0.21,0.09999999999999998,0.3,-0.2,0.8,0.3,0.5,"[0.666667,0.800000,0.100000]","[0.000000,0.300000,0.300000]","[0.333333,-0.500000,0.200000]"
56,red,blue,0.0,0.0,0.09999999999999998,0.3,0.21,0.21,0.09999999999999998,0.3,-0.2,1.0,0.3,0.7,"[0.666667,1.000000,0.100000]","[0.000000,0.300000,0.300000]","[0.333333,-0.700000,0.200000]"
57,red,blue,0.45,0.45,0.5,0.3,0.21,0.21,0.5,0.3,0.2,0.09999999999999998,0.3,-0.2,"[0.666667,0.100000,0.500000]","[0.000000,0.300000,0.300000]","[0.333333,0.200000,-0.200000]"
58,red,blue,0.09999999999999998,0.09999999999999998,0.5,0.3,0.21,0.21,0.5,0.3,0.2,0.8,0.3,0.5,"[0.666667,0.800000,0.500000]","[0.000000,0.300000,0.300000]","[0.333333,-0.500000,-0.200000]"
59,red,blue,0.0,0.0,0.5,0.3,0.21,0.21,0.5,0.3,0.2,1.0,0.3,0.7,"[0.666667,1.000000,0.500000]","[0.000000,0.300000,0.300000]","[0.333333,-0.700000,-0.200000]"
60,red,yellow,0.09999999999999998,0.09999999999999998,0.08999999999999998,0.3,0.21,0.21,0.09999999999999998,0.3,-0.2,0.09999999999999998,0.3,-0.2,"[0.166667,0.100000,0.100000]","[0.000000,0.300000,0.300000]","[-0.166667,0.200000,0.200000]"
61,red,yellow,0.09999999999999998,0.09999999999999998,0.01999999999999999,0.3,0.21,0.21,0.09999999999999998,0.3,-0.2,0.8,0.3,0.5,"[0.166667,0.800000,0.100000]","[0.000000,0.300000,0.300000]","[-0.166667,-0.500000,0.200000]"
62,red,yellow,0.09999999999999998,0.09999999999999998,0.0,0.3,0.21,0.21,0.09999999999999998,0.3,-0.2,1.0,0.3,0.7,"[0.166667,1.000000,0.100000]","[0.000000,0.300000,0.300000]","[-0.166667,-0.700000,0.200000]"
63,red,yellow,0.5,0.5,0.45,0.3,0.21,0.21,0.5,0.3,0.2,0.09999999999999998,0.3,-0.2,"[0.166667,0.100000,0.500000]","[0.000000,0.300000,0.300000]","[-0.166667,0.200000,-0.200000]"
64,red,yellow,0.5,0.5,0.09999999999999998,0.3,0.21,0.21,0.5,0.3,0.2,0.8,0.3,0.5,"[0.166667,0.800000,0.500000]","[0.000000,0.300000,0.300000]","[-0.166667,-0.500000,-0.200000]"
65,red,yellow,0.5,0.5,0.0,0.3,0.21,0.21,0.5,0.3,0.2,1.0,0.3,0.7,"[0.166667,1.000000,0.500000]","[0.000000,0.300000,0.300000]","[-0.166667,-0.700000,-0.200000]"
66,red,gray,0.0,0.0,0.0,0.3,0.09000000000000001,0.09000000000000001,0.0,0.3,-0.3,0.0,0.7,-0.7,"[0.000000,0.000000,0.000000]","[0.000000,0.700000,0.300000]","[0.000000,0.700000,0.300000]"
67,red,gray,0.7,0.7,0.7,0.3,0.09000000000000001,0.09000000000000001,0.7,0.3,0.4,0.0,0.7,-0.7,"[0.000000,0.000000,0.700000]","[0.000000,0.700000,0.300000]","[0.000000,0.700000,-0.400000]"
68,red,red,0.09999999999999998,0.04999999999999999,0.04999999999999999,0.3,0.09000000000000001,0.09000000000000001,0.09999999999999998,0.3,-0.2,0.49999999999999994,0.7,-0.2,"[0.000000,0.500000,0.100000]","[0.000000,0.700000,0.300000]","[0.000000,0.200000,0.200000]"
69,red,red,0.09999999999999998,0.0,0.0,0.3,0.09000000000000001,0.09000000000000001,0.09999999999999998,0.3,-0.2,1.0,0.7,0.30000000000000004,"[0.000000,1.000000,0.100000]","[0.000000,0.700000,0.300000]","[0.000000,-0.300000,0.200000]"
70,red,red,0.5,0.25,0.25,0.3,0.09000000000000001,0.09000000000000001,0.5,0.3,0.2,0.49999999999999994,0.7,-0.2,"[0.000000,0.500000,0.500000]","[0.000000,0.700000,0.300000]","[0.000000,0.200000,-0.200000]"
71,red,red,0.5,0.0,0.0,0.3,0.09000000000000001,0.09000000000000001,0.5,0.3,0.2,1.0,0.7,0.30000000000000004,"[0.000000,1.000000,0.500000]","[0.000000,0.700000,0.300000]","[0.000000,-0.300000,-0.200000]"
72,red,green,0.04999999999999999,0.09999999999999998,0.04999999999999999,0.3,0.09000000000000001,0.09000000000000001,0.09999999999999998,0.3,-0.2,0.49999999999999994,0.7,-0.2,"[0.333333,0.500000,0.100000]","[0.000000,0.700000,0.300000]","[-0.333333,0.200000,0.200000]"
73,red,green,0.0,0.09999999999999998,0.0,0.3,0.09000000000000001,0.09000000000000001,0.09999999999999998,0.3,-0.2,1.0,0.7,0.30000000000000004,"[0.333333,1.000000,0.100000]","[0.000000,0.700000,0.300000]","[-0.333333,-0.300000,0.200000]"
74,red,green,0.25,0.5,0.25,0.3,0.09000000000000001,0.09000000000000001,0.5,0.3,0.2,0.49999999999999994,0.7,-0.2,"[0.333333,0.500000,0.500000]","[0.000000,0.700000,0.300000]","[-0.333333,0.200000,-0.200000]"
75,red,green,0.0,0.5,0.0,0.3,0.09000000000000001,0.09000000000000001,0.5,0.3,0.2,1.0,0.7,0.30000000000000004,"[0.333333,1.000000,0.500000]","[0.000000,0.700000,0.300000]","[-0.333333,-0.300000,-0.200000]"
76,red,blue,0.04999999999999999,0.04999999999999999,0.09999999999999998,0.3,0.09000000000000001,0.09000000000000001,0.09999999999999998,0.3,-0.2,0.49999999999999994,0.7,-0.2,"[0.666667,0.500000,0.100000]","[0.000000,0.700000,0.300000]","[0.333333,0.200000,0.200000]"
77,red,blue,0.0,0.0,0.09999999999999998,0.3,0.09000000000000001,0.09000000000000001,0.09999999999999998,0.3,-0.2,1.0,0.7,0.30000000000000004,"[0.666667,1.000000,0.100000]","[0.000000,0.700000,0.300000]","[0.333333,-0.300000,0.200000]"
78,red,blue,0.25,0.25,0.5,0.3,0.09000000000000001,0.09000000000000001,0.5,0.3,0.2,0.49999999999999994,0.7,-0.2,"[0.666667,0.500000,0.500000]","[0.000000,0.700000,0.300000]","[0.333333,0.200000,-0.200000]"
79,red,blue,0.0,0.0,0.5,0.3,0.09000000000000001,0.09000000000000001,0.5,0.3,0.2,1.0,0.7,0.30000000000000004,"[0.666667,1.000000,0.500000]","[0.000000,0.700000,0.300000]","[0.333333,-0.300000,-0.200000]"
80,red,yellow,0.09999999999999998,0.09999999999999998,0.04999999999999999,0.3,0.09000000000000001,0.09000000000000001,0.09999999999999998,0.3,-0.2,0.49999999999999994,0.7,-0.2,"[0.166667,0.500000,0.100000]","[0.000000,0.700000,0.300000]","[-0.166667,0.200000,0.200000]"
81,red,yellow,0.09999999999999998,0.09999999999999998,0.0,0.3,0.09000000000000001,0.09000000000000001,0.09999999999999998,0.3,-0.2,1.0,0.7,0.30000000000000004,"[0.166667,1.000000,0.100000]","[0.000000,0.700000,0.300000]","[-0.166667,-0.300000,0.200000]"
82,red,yellow,0.5,0.5,0.25,0.3,0.09000000000000001,0.09000000000000001,0.5,0.3,0.2,0.49999999999999994,0.7,-0.2,"[0.166667,0.500000,0.500000]","[0.000000,0.700000,0.300000]","[-0.166667,0.200000,-0.200000]"
83,red,yellow,0.5,0.5,0.0,0.3,0.09000000000000001,0.09000000000000001,0.5,0.3,0.2,1.0,0.7,0.30000000000000004,"[0.166667,1.000000,0.500000]","[0.000000,0.700000,0.300000]","[-0.166667,-0.300000,-0.200000]"
84,red,gray,0.29999999999999993,0.29999999999999993,0.29999999999999993,0.7,0.48999999999999994,0.48999999999999994,0.29999999999999993,0.7,-0.4,0.0,0.3,-0.3,"[0.000000,0.000000,0.300000]","[0.000000,0.300000,0.700000]","[0.000000,0.300000,0.400000]"
85,red,gray,1.0,1.0,1.0,0.7,0.48999999999999994,0.48999999999999994,1.0,0.7,0.30000000000000004,0.0,0.3,-0.3,"[0.000000,0.000000,1.000000]","[0.000000,0.300000,0.700000]","[0.000000,0.300000,-0.300000]"
86,red,red,0.49999999999999994,0.44999999999999996,0.44999999999999996,0.7,0.48999999999999994,0.48999999999999994,0.49999999999999994,0.7,-0.2,0.09999999999999998,0.3,-0.2,"[0.000000,0.100000,0.500000]","[0.000000,0.300000,0.700000]","[0.000000,0.200000,0.200000]"
87,red,red,0.49999999999999994,0.09999999999999996,0.09999999999999996,0.7,0.48999999999999994,0.48999999999999994,0.49999999999999994,0.7,-0.2,0.8,0.3,0.5,"[0.000000,0.800000,0.500000]","[0.000000,0.300000,0.700000]","[0.000000,-0.500000,0.200000]"
88,red,red,0.49999999999999994,0.0,0.0,0.7,0.48999999999999994,0.48999999999999994,0.49999999999999994,0.7,-0.2,1.0,0.3,0.7,"[0.000000,1.000000,0.500000]","[0.000000,0.300000,0.700000]","[0.000000,-0.700000,0.200000]"
89,red,red,0.8999999999999999,0.8099999999999999,0.8099999999999999,0.7,0.48999999999999994,0.48999999999999994,0.8999999999999999,0.7,0.2,0.09999999999999998,0.3,-0.2,"[0.000000,0.100000,0.900000]","[0.000000,0.300000,0.700000]","[0.000000,0.200000,-0.200000]"
90,red,red,0.8999999999999999,0.17999999999999994,0.17999999999999994,0.7,0.48999999999999994,0.48999999999999994,0.8999999999999999,0.7,0.2,0.8,0.3,0.5,"[0.000000,0.800000,0.900000]","[0.000000,0.300000,0.700000]","[0.000000,-0.500000,-0.200000]"
91,red,red,0.8999999999999999,0.0,0.0,0.7,0.48999999999999994,0.48999999999999994,0.8999999999999999,0.7,0.2,1.0,0.3,0.7,"[0.000000,1.000000,0.900000]","[0.000000,0.300000,0.700000]","[0.000000,-0.700000,-0.200000]"
92,red,green,0.44999999999999996,0.49999999999999994,0.44999999999999996,0.7,0.48999999999999994,0.48999999999999994,0.49999999999999994,0.7,-0.2,0.09999999999999998,0.3,-0.2,"[0.333333,0.100000,0.500000]","[0.000000,0.300000,0.700000]","[-0.333333,0.200000,0.200000]"
93,red,green,0.09999999999999996,0.49999999999999994,0.09999999999999996,0.7,0.48999999999999994,0.48999999999999994,0.49999999999999994,0.7,-0.2,0.8,0.3,0.5,"[0.333333,0.800000,0.500000]","[0.000000,0.300000,0.700000]","[-0.333333,-0.500000,0.200000]"
94,red,green,0.0,0.49999999999999994,0.0,0.7,0.48999999999999994,0.48999999999999994,0.49999999999999994,0.7,-0.2,1.0,0.3,0.7,"[0.333333,1.000000,0.500000]","[0.000000,0.300000,0.700000]","[-0.333333,-0.700000,0.200000]"
95,red,green,0.8099999999999999,0.8999999999999999,0.8099999999999999,0.7,0.48999999999999994,0.48999999999999994,0.8999999999999999,0.7,0.2,0.09999999999999998,0.3,-0.2,"[0.333333,0.100000,0.900000]","[0.000000,0.300000,0.700000]","[-0.333333,0.200000,-0.200000]"
96,red,green,0.17999999999999994,0.8999999999999999,0.17999999999999994,0.7,0.48999999999999994,0.48999999999999994,0.8999999999999999,0.7,0.2,0.8,0.3,0.5,"[0.333333,0.800000,0.900000]","[0.000000,0.300000,0.700000]","[-0.333333,-0.500000,-0.200000]"
97,red,green,0.0,0.8999999999999999,0.0,0.7,0.48999999999999994,0.48999999999999994,0.8999999999999999,0.7,0.2,1.0,0.3,0.7,"[0.333333,1.000000,0.900000]","[0.000000,0.300000,0.700000]","[-0.333333,-0.700000,-0.200000]"
98,red,blue,0.44999999999999996,0.44999999999999996,0.49999999999999994,0.7,0.48999999999999994,0.48999999999999994,0.49999999999999994,0.7,-0.2,0.09999999999999998,0.3,-0.2,"[0.666667,0.100000,0.500000]","[0.000000,0.300000,0.700000]","[0.333333,0.200000,0.200000]"
99,red,blue,0.09999999999999996,0.09999999999999996,0.49999999999999994,0.7,0.48999999999999994,0.48999999999999994,0.49999999999999994,0.7,-0.2,0.8,0.3,0.5,"[0.666667,0.800000,0.500000]","[0.000000,0.300000,0.700000]","[0.333333,-0.500000,0.200000]"
100,red,blue,0.0,0.0,0.49999999999999994,0.7,0.48999999999999994,0.48999999999999994,0.49999999999999994,0.7,-0.2,1.0,0.3,0.7,"[0.666667,1.000000,0.500000]","[0.000000,0.300000,0.700000]","[0.333333,-0.700000,0.200000]"
101,red,blue,0.8099999999999999,0.8099999999999999,0.8999999999999999,0.7,0.48999999999999994,0.48999999999999994,0.8999999999999999,0.7,0.2,0.09999999999999998,0.3,-0.2,"[0.666667,0.100000,0.900000]","[0.000000,0.300000,0.700000]","[0.333333,0.200000,-0.200000]"
102,red,blue,0.17999999999999994,0.17999999999999994,0.8999999999999999,0.7,0.48999999999999994,0.48999999999999994,0.8999999999999999,0.7,0.2,0.8,0.3,0.5,"[0.666667,0.800000,0.900000]","[0.000000,0.300000,0.700000]","[0.333333,-0.500000,-0.200000]"
103,red,blue,0.0,0.0,0.8999999999999999,0.7,0.48999999999999994,0.48999999999999994,0.8999999999999999,0.7,0.2,1.0,0.3,0.7,"[0.666667,1.000000,0.900000]","[0.000000,0.300000,0.700000]","[0.333333,-0.700000,-0.200000]"
104,red,yellow,0.49999999999999994,0.49999999999999994,0.44999999999999996,0.7,0.48999999999999994,0.48999999999999994,0.49999999999999994,0.7,-0.2,0.09999999999999998,0.3,-0.2,"[0.166667,0.100000,0.500000]","[0.000000,0.300000,0.700000]","[-0.166667,0.200000,0.200000]"
105,red,yellow,0.49999999999999994,0.49999999999999994,0.09999999999999996,0.7,0.48999999999999994,0.48999999999999994,0.49999999999999994,0.7,-0.2,0.8,0.3,0.5,"[0.166667,0.800000,0.500000]","[0.000000,0.300000,0.700000]","[-0.166667,-0.500000,0.200000]"
106,red,yellow,0.49999999999999994,0.49999999999999994,0.0,0.7,0.48999999999999994,0.48999999999999994,0.49999999999999994,0.7,-0.2,1.0,0.3,0.7,"[0.166667,1.000000,0.500000]","[0.000000,0.300000,0.700000]","[-0.166667,-0.700000,0.200000]"
107,red,yellow,0.8999999999999999,0.8999999999999999,0.8099999999999999,0.7,0.48999999999999994,0.48999999999999994,0.8999999999999999,0.7,0.2,0.09999999999999998,0.3,-0.2,"[0.166667,0.100000,0.900000]","[0.000000,0.300000,0.700000]","[-0.166667,0.200000,-0.200000]"
108,red,yellow,0.8999999999999999,0.8999999999999999,0.17999999999999994,0.7,0.48999999999999994,0.48999999999999994,0.8999999999999999,0.7,0.2,0.8,0.3,0.5,"[0.166667,0.800000,0.900000]","[0.000000,0.300000,0.700000]","[-0.166667,-0.500000,-0.200000]"
109,red,yellow,0.8999999999999999,0.8999999999999999,0.0,0.7,0.48999999999999994,0.48999999999999994,0.8999999999999999,0.7,0.2,1.0,0.3,0.7,"[0.166667,1.000000,0.900000]","[0.000000,0.300000,0.700000]","[-0.166667,-0.700000,-0.200000]"
110,red,gray,0.29999999999999993,0.29999999999999993,0.29999999999999993,0.7,0.21000000000000002,0.21000000000000002,0.29999999999999993,0.7,-0.4,0.0,0.7,-0.7,"[0.000000,0.000000,0.300000]","[0.000000,0.700000,0.700000]","[0.000000,0.700000,0.400000]"
111,red,gray,1.0,1.0,1.0,0.7,0.21000000000000002,0.21000000000000002,1.0,0.7,0.30000000000000004,0.0,0.7,-0.7,"[0.000000,0.000000,1.000000]","[0.000000,0.700000,0.700000]","[0.000000,0.700000,-0.300000]"
112,red,red,0.49999999999999994,0.24999999999999997,0.24999999999999997,0.7,0.21000000000000002,0.21000000000000002,0.49999999999999994,0.7,-0.2,0.49999999999999994,0.7,-0.2,"[0.000000,0.500000,0.500000]","[0.000000,0.700000,0.700000]","[0.000000,0.200000,0.200000]"
113,red,red,0.49999999999999994,0.0,0.0,0.7,0.21000000000000002,0.21000000000000002,0.49999999999999994,0.7,-0.2,1.0,0.7,0.30000000000000004,"[0.000000,1.000000,0.500000]","[0.000000,0.700000,0.700000]","[0.000000,-0.300000,0.200000]"
114,red,red,0.8999999999999999,0.44999999999999996,0.44999999999999996,0.7,0.21000000000000002,0.21000000000000002,0.8999999999999999,0.7,0.2,0.49999999999999994,0.7,-0.2,"[0.000000,0.500000,0.900000]","[0.000000,0.700000,0.700000]","[0.000000,0.200000,-0.200000]"
115,red,red,0.8999999999999999,0.0,0.0,0.7,0.21000000000000002,0.21000000000000002,0.8999999999999999,0.7,0.2,1.0,0.7,0.30000000000000004,"[0.000000,1.000000,0.900000]","[0.000000,0.700000,0.700000]","[0.000000,-0.300000,-0.200000]"
116,red,green,0.24999999999999997,0.49999999999999994,0.24999999999999997,0.7,0.21000000000000002,0.21000000000000002,0.49999999999999994,0.7,-0.2,0.49999999999999994,0.7,-0.2,"[0.333333,0.500000,0.500000]","[0.000000,0.700000,0.700000]","[-0.333333,0.200000,0.200000]"
117,red,green,0.0,0.49999999999999994,0.0,0.7,0.21000000000000002,0.21000000000000002,0.49999999999999994,0.7,-0.2,1.0,0.7,0.30000000000000004,"[0.333333,1.000000,0.500000]","[0.000000,0.700000,0.700000]","[-0.333333,-0.300000,0.200000]"
118,red,green,0.44999999999999996,0.8999999999999999,0.44999999999999996,0.7,0.21000000000000002,0.21000000000000002,0.8999999999999999,0.7,0.2,0.49999999999999994,0.7,-0.2,"[0.333333,0.500000,0.900000]","[0.000000,0.700000,0.700000]","[-0.333333,0.200000,-0.200000]"
119,red,green,0.0,0.8999999999999999,0.0,0.7,0.21000000000000002,0.21000000000000002,0.8999999999999999,0.7,0.2,1.0,0.7,0.30000000000000004,"[0.333333,1.000000,0.900000]","[0.000000,0.700000,0.700000]","[-0.333333,-0.300000,-0.200000]"
120,red,blue,0.24999999999999997,0.24999999999999997,0.49999999999999994,0.7,0.21000000000000002,0.21000000000000002,0.49999999999999994,0.7,-0.2,0.49999999999999994,0.7,-0.2,"[0.666667,0.500000,0.500000]","[0.000000,0.700000,0.700000]","[0.333333,0.200000,0.200000]"
121,red,blue,0.0,0.0,0.49999999999999994,0.7,0.21000000000000002,0.21000000000000002,0.49999999999999994,0.7,-0.2,1.0,0.7,0.30000000000000004,"[0.666667,1.000000,0.500000]","[0.000000,0.700000,0.700000]","[0.333333,-0.300000,0.200000]"
122,red,blue,0.44999999999999996,0.44999999999999996,0.8999999999999999,0.7,0.21000000000000002,0.21000000000000002,0.8999999999999999,0.7,0.2,0.49999999999999994,0.7,-0.2,"[0.666667,0.500000,0.900000]","[0.000000,0.700000,0.700000]","[0.333333,0.200000,-0.200000]"
123,red,blue,0.0,0.0,0.8999999999999999,0.7,0.21000000000000002,0.21000000000000002,0.8999999999999999,0.7,0.2,1.0,0.7,0.30000000000000004,"[0.666667,1.000000,0.900000]","[0.000000,0.700000,0.700000]","[0.333333,-0.300000,-0.200000]"
124,red,yellow,0.49999999999999994,0.49999999999999994,0.24999999999999997,0.7,0.21000000000000002,0.21000000000000002,0.49999999999999994,0.7,-0.2,0.49999999999999994,0.7,-0.2,"[0.166667,0.500000,0.500000]","[0.000000,0.700000,0.700000]","[-0.166667,0.200000,0.200000]"
125,red,yellow,0.49999999999999994,0.49999999999999994,0.0,0.7,0.21000000000000002,0.21000000000000002,0.49999999999999994,0.7,-0.2,1.0,0.7,0.30000000000000004,"[0.166667,1.000000,0.500000]","[0.000000,0.700000,0.700000]","[-0.166667,-0.300000,0.200000]"
126,red,yellow,0.8999999999999999,0.8999999999999999,0.44999999999999996,0.7,0.21000000000000002,0.21000000000000002,0.8999999999999999,0.7,0.2,0.49999999999999994,0.7,-0.2,"[0.166667,0.500000,0.900000]","[0.000000,0.700000,0.700000]","[-0.166667,0.200000,-0.200000]"
127,red,yellow,0.8999999999999999,0.8999999999999999,0.0,0.7,0.21000000000000002,0.21000000000000002,0.8999999999999999,0.7,0.2,1.0,0.7,0.30000000000000004,"[0.166667,1.000000,0.900000]","[0.000000,0.700000,0.700000]","[-0.166667,-0.300000,-0.200000]"
128,green,gray,0.0,0.0,0.0,0.21,0.3,0.21,0.0,0.3,-0.3,0.0,0.3,-0.3,"[0.000000,0.000000,0.000000]","[0.333333,0.300000,0.300000]","[0.333333,0.300000,0.300000]"
129,green,gray,0.7,0.7,0.7,0.21,0.3,0.21,0.7,0.3,0.4,0.0,0.3,-0.3,"[0.000000,0.000000,0.700000]","[0.333333,0.300000,0.300000]","[0.333333,0.300000,-0.400000]"
130,green,red,0.09999999999999998,0.08999999999999998,0.08999999999999998,0.21,0.3,0.21,0.09999999999999998,0.3,-0.2,0.09999999999999998,0.3,-0.2,"[0.000000,0.100000,0.100000]","[0.333333,0.300000,0.300000]","[0.333333,0.200000,0.200000]"
131,green,red,0.09999999999999998,0.01999999999999999,0.01999999999999999,0.21,0.3,0.21,0.09999999999999998,0.3,-0.2,0.8,0.3,0.5,"[0.000000,0.800000,0.100000]","[0.333333,0.300000,0.300000]","[0.333333,-0.500000,0.200000]"
132,green,red,0.09999999999999998,0.0,0.0,0.21,0.3,0.21,0.09999999999999998,0.3,-0.2,1.0,0.3,0.7,"[0.000000,1.000000,0.100000]","[0.333333,0.300000,0.300000]","[0.333333,-0.700000,0.200000]"
133,green,red,0.5,0.45,0.45,0.21,0.3,0.21,0.5,0.3,0.2,0.09999999999999998,0.3,-0.2,"[0.000000,0.100000,0.500000]","[0.333333,0.300000,0.300000]","[0.333333,0.200000,-0.200000]"
134,green,red,0.5,0.09999999999999998,0.09999999999999998,0.21,0.3,0.21,0.5,0.3,0.2,0.8,0.3,0.5,"[0.000000,0.800000,0.500000]","[0.333333,0.300000,0.300000]","[0.333333,-0.500000,-0.200000]"
135,green,red,0.5,0.0,0.0,0.21,0.3,0.21,0.5,0.3,0.2,1.0,0.3,0.7,"[0.000000,1.000000,0.500000]","[0.333333,0.300000,0.300000]","[0.333333,-0.700000,-0.200000]"
136,green,green,0.08999999999999998,0.09999999999999998,0.08999999999999998,0.21,0.3,0.21,0.09999999999999998,0.3,-0.2,0.09999999999999998,0.3,-0.2,"[0.333333,0.100000,0.100000]","[0.333333,0.300000,0.300000]","[0.000000,0.200000,0.200000]"
137,green,green,0.01999999999999999,0.09999999999999998,0.01999999999999999,0.21,0.3,0.21,0.09999999999999998,0.3,-0.2,0.8,0.3,0.5,"[0.333333,0.800000,0.100000]","[0.333333,0.300000,0.300000]","[0.000000,-0.500000,0.200000]"
138,green,green,0.0,0.09999999999999998,0.0,0.21,0.3,0.21,0.09999999999999998,0.3,-0.2,1.0,0.3,0.7,"[0.333333,1.000000,0.100000]","[0.333333,0.300000,0.300000]","[0.000000,-0.700000,0.200000]"
139,green,green,0.45,0.5,0.45,0.21,0.3,0.21,0.5,0.3,0.2,0.09999999999999998,0.3,-0.2,"[0.333333,0.100000,0.500000]","[0.333333,0.300000,0.300000]","[0.000000,0.200000,-0.200000]"
140,green,green,0.09999999999999998,0.5,0.09999999999999998,0.21,0.3,0.21,0.5,0.3,0.2,0.8,0.3,0.5,"[0.333333,0.800000,0.500000]","[0.333333,0.300000,0.300000]","[0.000000,-0.500000,-0.200000]"
141,green,green,0.0,0.5,0.0,0.21,0.3,0.21,0.5,0.3,0.2,1.0,0.3,0.7,"[0.333333,1.000000,0.500000]","[0.333333,0.300000,0.300000]","[0.000000,-0.700000,-0.200000]"
142,green,blue,0.08999999999999998,0.08999999999999998,0.09999999999999998,0.21,0.3,0.21,0.09999999999999998,0.3,-0.2,0.09999999999999998,0.3,-0.2,"[0.666667,0.100000,0.100000]","[0.333333,0.300000,0.300000]","[-0.333333,0.200000,0.200000]"
143,green,blue,0.01999999999999999,0.01999999999999999,0.09999999999999998,0.21,0.3,0.21,0.09999999999999998,0.3,-0.2,0.8,0.3,0.5,"[0.666667,0.800000,0.100000]","[0.333333,0.300000,0.300000]","[-0.333333,-0.500000,0.200000]"
144,green,blue,0.0,0.0,0.09999999999999998,0.21,0.3,0.21,0.09999999999999998,0.3,-0.2,1.0,0.3,0.7,"[0.666667,1.000000,0.100000]","[0.333333,0.300000,0.300000]","[-0.333333,-0.700000,0.200000]"
145,green,blue,0.45,0.45,0.5,0.21,0.3,0.21,0.5,0.3,0.2,0.09999999999999998,0.3,-0.2,"[0.666667,0.100000,0.500000]","[0.333333,0.300000,0.300000]","[-0.333333,0.200000,-0.200000]"
146,green,blue,0.09999999999999998,0.09999999999999998,0.5,0.21,0.3,0.21,0.5,0.3,0.2,0.8,0.3,0.5,"[0.666667,0.800000,0.500000]","[0.333333,0.300000,0.300000]","[-0.333333,-0.500000,-0.200000]"
147,green,blue,0.0,0.0,0.5,0.21,0.3,0.21,0.5,0.3,0.2,1.0,0.3,0.7,"[0.666667,1.000000,0.500000]","[0.333333,0.300000,0.300000]","[-0.333333,-0.700000,-0.200000]"
148,green,yellow,0.09999999999999998,0.09999999999999998,0.08999999999999998,0.21,0.3,0.21,0.09999999999999998,0.3,-0.2,0.09999999999999998,0.3,-0.2,"[0.166667,0.100000,0.100000]","[0.333333,0.300000,0.300000]","[0.166667,0.200000,0.200000]"
149,green,yellow,0.09999999999999998,0.09999999999999998,0.01999999999999999,0.21,0.3,0.21,0.09999999999999998,0.3,-0.2,0.8,0.3,0.5,"[0.166667,0.800000,0.100000]","[0.333333,0.300000,0.300000]","[0.166667,-0.500000,0.200000]"
150,green,yellow,0.09999999999999998,0.09999999999999998,0.0,0.21,0.3,0.21,0.09999999999999998,0.3,-0.2,1.0,0.3,0.7,"[0.166667,1.000000,0.100000]","[0.333333,0.300000,0.300000]","[0.166667,-0.700000,0.200000]"
151,green,yellow,0.5,0.5,0.45,0.21,0.3,0.21,0.5,0.3,0.2,0.09999999999999998,0.3,-0.2,"[0.166667,0.100000,0.500000]","[0.333333,0.300000,0.300000]","[0.166667,0.200000,-0.200000]"
152,green,yellow,0.5,0.5,0.09999999999999998,0.21,0.3,0.21,0.5,0.3,0.2,0.8,0.3,0.5,"[0.166667,0.800000,0.500000]","[0.333333,0.300000,0.300000]","[0.166667,-0.500000,-0.200000]"
153,green,yellow,0.5,0.5,0.0,0.21,0.3,0.21,0.5,0.3,0.2,1.0,0.3,0.7,"[0.166667,1.000000,0.500000]","[0.333333,0.300000,0.300000]","[0.166667,-0.700000,-0.200000]"
154,green,gray,0.0,0.0,0.0,0.09000000000000001,0.3,0.09000000000000001,0.0,0.3,-0.3,0.0,0.7,-0.7,"[0.000000,0.000000,0.000000]","[0.333333,0.700000,0.300000]","[0.333333,0.700000,0.300000]"
155,green,gray,0.7,0.7,0.7,0.09000000000000001,0.3,0.09000000000000001,0.7,0.3,0.4,0.0,0.7,-0.7,"[0.000000,0.000000,0.700000]","[0.333333,0.700000,0.300000]","[0.333333,0.700000,-0.400000]"
156,green,red,0.09999999999999998,0.04999999999999999,0.04999999999999999,0.09000000000000001,0.3,0.09000000000000001,0.09999999999999998,0.3,-0.2,0.49999999999999994,0.7,-0.2,"[0.000000,0.500000,0.100000]","[0.333333,0.700000,0.300000]","[0.333333,0.200000,0.200000]"
157,green,red,0.09999999999999998,0.0,0.0,0.09000000000000001,0.3,0.09000000000000001,0.09999999999999998,0.3,-0.2,1.0,0.7,0.30000000000000004,"[0.000000,1.000000,0.100000]","[0.333333,0.700000,0.300000]","[0.333333,-0.300000,0.200000]"
158,green,red,0.5,0.25,0.25,0.09000000000000001,0.3,0.09000000000000001,0.5,0.3,0.2,0.49999999999999994,0.7,-0.2,"[0.000000,0.500000,0.500000]","[0.333333,0.700000,0.300000]","[0.333333,0.200000,-0.200000]"
159,green,red,0.5,0.0,0.0,0.09000000000000001,0.3,0.09000000000000001,0.5,0.3,0.2,1.0,0.7,0.30000000000000004,"[0.000000,1.000000,0.500000]","[0.333333,0.700000,0.300000]","[0.333333,-0.300000,-0.200000]"
160,green,green,0.04999999999999999,0.09999999999999998,0.04999999999999999,0.09000000000000001,0.3,0.09000000000000001,0.09999999999999998,0.3,-0.2,0.49999999999999994,0.7,-0.2,"[0.333333,0.500000,0.100000]","[0.333333,0.700000,0.300000]","[0.000000,0.200000,0.200000]"
161,green,green,0.0,0.09999999999999998,0.0,0.09000000000000001,0.3,0.09000000000000001,0.09999999999999998,0.3,-0.2,1.0,0.7,0.30000000000000004,"[0.333333,1.000000,0.100000]","[0.333333,0.700000,0.300000]","[0.000000,-0.300000,0.200000]"
162,green,green,0.25,0.5,0.25,0.09000000000000001,0.3,0.09000000000000001,0.5,0.3,0.2,0.49999999999999994,0.7,-0.2,"[0.333333,0.500000,0.500000]","[0.333333,0.700000,0.300000]","[0.000000,0.200000,-0.200000]"
163,green,green,0.0,0.5,0.0,0.09000000000000001,0.3,0.09000000000000001,0.5,0.3,0.2,1.0,0.7,0.30000000000000004,"[0.333333,1.000000,0.500000]","[0.333333,0.700000,0.300000]","[0.000000,-0.300000,-0.200000]"
164,green,blue,0.04999999999999999,0.04999999999999999,0.09999999999999998,0.09000000000000001,0.3,0.09000000000000001,0.09999999999999998,0.3,-0.2,0.49999999999999994,0.7,-0.2,"[0.666667,0.500000,0.100000]","[0.333333,0.700000,0.300000]","[-0.333333,0.200000,0.200000]"
165,green,blue,0.0,0.0,0.09999999999999998,0.09000000000000001,0.3,0.09000000000000001,0.09999999999999998,0.3,-0.2,1.0,0.7,0.30000000000000004,"[0.666667,1.000000,0.100000]","[0.333333,0.700000,0.300000]","[-0.333333,-0.300000,0.200000]"
166,green,blue,0.25,0.25,0.5,0.09000000000000001,0.3,0.09000000000000001,0.5,0.3,0.2,0.49999999999999994,0.7,-0.2,"[0.666667,0.500000,0.500000]","[0.333333,0.700000,0.300000]","[-0.333333,0.200000,-0.200000]"
167,green,blue,0.0,0.0,0.5,0.09000000000000001,0.3,0.09000000000000001,0.5,0.3,0.2,1.0,0.7,0.30000000000000004,"[0.666667,1.000000,0.500000]","[0.333333,0.700000,0.300000]","[-0.333333,-0.300000,-0.200000]"
168,green,yellow,0.09999999999999998,0.09999999999999998,0.04999999999999999,0.09000000000000001,0.3,0.09000000000000001,0.09999999999999998,0.3,-0.2,0.49999999999999994,0.7,-0.2,"[0.166667,0.500000,0.100000]","[0.333333,0.700000,0.300000]","[0.166667,0.200000,0.200000]"
169,green,yellow,0.09999999999999998,0.09999999999999998,0.0,0.09000000000000001,0.3,0.09000000000000001,0.09999999999999998,0.3,-0.2,1.0,0.7,0.30000000000000004,"[0.166667,1.000000,0.100000]","[0.333333,0.700000,0.300000]","[0.166667,-0.300000,0.200000]"
170,green,yellow,0.5,0.5,0.25,0.09000000000000001,0.3,0.09000000000000001,0.5,0.3,0.2,0.49999999999999994,0.7,-0.2,"[0.166667,0.500000,0.500000]","[0.333333,0.700000,0.300000]","[0.166667,0.200000,-0.200000]"
171,green,yellow,0.5,0.5,0.0,0.09000000000000001,0.3,0.09000000000000001,0.5,0.3,0.2,1.0,0.7,0.30000000000000004,"[0.166667,1.000000,0.500000]","[0.333333,0.700000,0.300000]","[0.166667,-0.300000,-0.200000]"
172,green,gray,0.29999999999999993,0.29999999999999993,0.29999999999999993,0.48999999999999994,0.7,0.48999999999999994,0.29999999999999993,0.7,-0.4,0.0,0.3,-0.3,"[0.000000,0.000000,0.300000]","[0.333333,0.300000,0.700000]","[0.333333,0.300000,0.400000]"
173,green,gray,1.0,1.0,1.0,0.48999999999999994,0.7,0.48999999999999994,1.0,0.7,0.30000000000000004,0.0,0.3,-0.3,"[0.000000,0.000000,1.000000]","[0.333333,0.300000,0.700000]","[0.333333,0.300000,-0.300000]"
174,green,red,0.49999999999999994,0.44999999999999996,0.44999999999999996,0.48999999999999994,0.7,0.48999999999999994,0.49999999999999994,0.7,-0.2,0.09999999999999998,0.3,-0.2,"[0.000000,0.100000,0.500000]","[0.333333,0.300000,0.700000]","[0.333333,0.200000,0.200000]"
175,green,red,0.49999999999999994,0.09999999999999996,0.09999999999999996,0.48999999999999994,0.7,0.48999999999999994,0.49999999999999994,0.7,-0.2,0.8,0.3,0.5,"[0.000000,0.800000,0.500000]","[0.333333,0.300000,0.700000]","[0.333333,-0.500000,0.200000]"
176,green,red,0.49999999999999994,0.0,0.0,0.48999999999999994,0.7,0.48999999999999994,0.49999999999999994,0.7,-0.2,1.0,0.3,0.7,"[0.000000,1.000000,0.500000]","[0.333333,0.300000,0.700000]","[0.333333,-0.700000,0.200000]"
177,green,red,0.8999999999999999,0.8099999999999999,0.8099999999999999,0.48999999999999994,0.7,0.48999999999999994,0.8999999999999999,0.7,0.2,0.09999999999999998,0.3,-0.2,"[0.000000,0.100000,0.900000]","[0.333333,0.300000,0.700000]","[0.333333,0.200000,-0.200000]"
178,green,red,0.8999999999999999,0.17999999999999994,0.17999999999999994,0.48999999999999994,0.7,0.48999999999999994,0.8999999999999999,0.7,0.2,0.8,0.3,0.5,"[0.000000,0.800000,0.900000]","[0.333333,0.300000,0.700000]","[0.333333,-0.500000,-0.200000]"
179,green,red,0.8999999999999999,0.0,0.0,0.48999999999999994,0.7,0.48999999999999994,0.8999999999999999,0.7,0.2,1.0,0.3,0.7,"[0.000000,1.000000,0.900000]","[0.333333,0.300000,0.700000]","[0.333333,-0.700000,-0.200000]"
180,green,green,0.44999999999999996,0.49999999999999994,0.44999999999999996,0.48999999999999994,0.7,0.48999999999999994,0.49999999999999994,0.7,-0.2,0.09999999999999998,0.3,-0.2,"[0.333333,0.100000,0.500000]","[0.333333,0.300000,0.700000]","[0.000000,0.200000,0.200000]"
181,green,green,0.09999999999999996,0.49999999999999994,0.09999999999999996,0.48999999999999994,0.7,0.48999999999999994,0.49999999999999994,0.7,-0.2,0.8,0.3,0.5,"[0.333333,0.800000,0.500000]","[0.333333,0.300000,0.700000]","[0.000000,-0.500000,0.200000]"
182,green,green,0.0,0.49999999999999994,0.0,0.48999999999999994,0.7,0.48999999999999994,0.49999999999999994,0.7,-0.2,1.0,0.3,0.7,"[0.333333,1.000000,0.500000]","[0.333333,0.300000,0.700000]","[0.000000,-0.700000,0.200000]"
183,green,green,0.8099999999999999,0.8999999999999999,0.8099999999999999,0.48999999999999994,0.7,0.48999999999999994,0.8999999999999999,0.7,0.2,0.09999999999999998,0.3,-0.2,"[0.333333,0.100000,0.900000]","[0.333333,0.300000,0.700000]","[0.000000,0.200000,-0.200000]"
184,green,green,0.17999999999999994,0.8999999999999999,0.17999999999999994,0.48999999999999994,0.7,0.48999999999999994,0.8999999999999999,0.7,0.2,0.8,0.3,0.5,"[0.333333,0.800000,0.900000]","[0.333333,0.300000,0.700000]","[0.000000,-0.500000,-0.200000]"
185,green,green,0.0,0.8999999999999999,0.0,0.48999999999999994,0.7,0.48999999999999994,0.8999999999999999,0.7,0.2,1.0,0.3,0.7,"[0.333333,1.000000,0.900000]","[0.333333,0.300000,0.700000]","[0.000000,-0.700000,-0.200000]"
186,green,blue,0.44999999999999996,0.44999999999999996,0.49999999999999994,0.48999999999999994,0.7,0.48999999999999994,0.49999999999999994,0.7,-0.2,0.09999999999999998,0.3,-0.2,"[0.666667,0.100000,0.500000]","[0.333333,0.300000,0.700000]","[-0.333333,0.200000,0.200000]"
187,green,blue,0.09999999999999996,0.09999999999999996,0.49999999999999994,0.48999999999999994,0.7,0.48999999999999994,0.49999999999999994,0.7,-0.2,0.8,0.3,0.5,"[0.666667,0.800000,0.500000]","[0.333333,0.300000,0.700000]","[-0.333333,-0.500000,0.200000]"
188,green,blue,0.0,0.0,0.49999999999999994,0.48999999999999994,0.7,0.48999999999999994,0.49999999999999994,0.7,-0.2,1.0,0.3,0.7,"[0.666667,1.000000,0.500000]","[0.333333,0.300000,0.700000]","[-0.333333,-0.700000,0.200000]"
189,green,blue,0.8099999999999999,0.8099999999999999,0.8999999999999999,0.48999999999999994,0.7,0.48999999999999994,0.8999999999999999,0.7,0.2,0.09999999999999998,0.3,-0.2,"[0.666667,0.100000,0.900000]","[0.333333,0.300000,0.700000]","[-0.333333,0.200000,-0.200000]"
190,green,blue,0.17999999999999994,0.17999999999999994,0.8999999999999999,0.48999999999999994,0.7,0.48999999999999994,0.8999999999999999,0.7,0.2,0.8,0.3,0.5,"[0.666667,0.800000,0.900000]","[0.333333,0.300000,0.700000]","[-0.333333,-0.500000,-0.200000]"
191,green,blue,0.0,0.0,0.8999999999999999,0.48999999999999994,0.7,0.48999999999999994,0.8999999999999999,0.7,0.2,1.0,0.3,0.7,"[0.666667,1.000000,0.900000]","[0.333333,0.300000,0.700000]","[-0.333333,-0.700000,-0.200000]"
192,green,yellow,0.49999999999999994,0.49999999999999994,0.44999999999999996,0.48999999999999994,0.7,0.48999999999999994,0.49999999999999994,0.7,-0.2,0.09999999999999998,0.3,-0.2,"[0.166667,0.100000,0.500000]","[0.333333,0.300000,0.700000]","[0.166667,0.200000,0.200000]"
193,green,yellow,0.49999999999999994,0.49999999999999994,0.09999999999999996,0.48999999999999994,0.7,0.48999999999999994,0.49999999999999994,0.7,-0.2,0.8,0.3,0.5,"[0.166667,0.800000,0.500000]","[0.333333,0.300000,0.700000]","[0.166667,-0.500000,0.200000]"
194,green,yellow,0.49999999999999994,0.49999999999999994,0.0,0.48999999999999994,0.7,0.48999999999999994,0.49999999999999994,0.7,-0.2,1.0,0.3,0.7,"[0.166667,1.000000,0.500000]","[0.333333,0.300000,0.700000]","[0.166667,-0.700000,0.200000]"
195,green,yellow,0.8999999999999999,0.8999999999999999,0.8099999999999999,0.48999999999999994,0.7,0.48999999999999994,0.8999999999999999,0.7,0.2,0.09999999999999998,0.3,-0.2,"[0.166667,0.100000,0.900000]","[0.333333,0.300000,0.700000]","[0.166667,0.200000,-0.200000]"
196,green,yellow,0.8999999999999999,0.8999999999999999,0.17999999999999994,0.48999999999999994,0.7,0.48999999999999994,0.8999999999999999,0.7,0.2,0.8,0.3,0.5,"[0.166667,0.800000,0.900000]","[0.333333,0.300000,0.700000]","[0.166667,-0.500000,-0.200000]"
197,green,yellow,0.8999999999999999,0.8999999999999999,0.0,0.48999999999999994,0.7,0.48999999999999994,0.8999999999999999,0.7,0.2,1.0,0.3,0.7,"[0.166667,1.000000,0.900000]","[0.333333,0.300000,0.700000]","[0.166667,-0.700000,-0.200000]"
198,green,gray,0.29999999999999993,0.29999999999999993,0.29999999999999993,0.21000000000000002,0.7,0.21000000000000002,0.29999999999999993,0.7,-0.4,0.0,0.7,-0.7,"[0.000000,0.000000,0.300000]","[0.333333,0.700000,0.700000]","[0.333333,0.700000,0.400000]"
199,green,gray,1.0,1.0,1.0,0.21000000000000002,0.7,0.21000000000000002,1.0,0.7,0.30000000000000004,0.0,0.7,-0.7,"[0.000000,0.000000,1.000000]","[0.333333,0.700000,0.700000]","[0.333333,0.700000,-0.300000]"
200,green,red,0.49999999999999994,0.24999999999999997,0.24999999999999997,0.21000000000000002,0.7,0.21000000000000002,0.49999999999999994,0.7,-0.2,0.49999999999999994,0.7,-0.2,"[0.000000,0.500000,0.500000]","[0.333333,0.700000,0.700000]","[0.333333,0.200000,0.200000]"
201,green,red,0.49999999999999994,0.0,0.0,0.21000000000000002,0.7,0.21000000000000002,0.49999999999999994,0.7,-0.2,1.0,0.7,0.30000000000000004,"[0.000000,1.000000,0.500000]","[0.333333,0.700000,0.700000]","[0.333333,-0.300000,0.200000]"
202,green,red,0.8999999999999999,0.44999999999999996,0.44999999999999996,0.21000000000000002,0.7,0.21000000000000002,0.8999999999999999,0.7,0.2,0.49999999999999994,0.7,-0.2,"[0.000000,0.500000,0.900000]","[0.333333,0.700000,0.700000]","[0.333333,0.200000,-0.200000]"
203,green,red,0.8999999999999999,0.0,0.0,0.21000000000000002,0.7,0.21000000000000002,0.8999999999999999,0.7,0.2,1.0,0.7,0.30000000000000004,"[0.000000,1.000000,0.900000]","[0.333333,0.700000,0.700000]","[0.333333,-0.300000,-0.200000]"
204,green,green,0.24999999999999997,0.49999999999999994,0.24999999999999997,0.21000000000000002,0.7,0.21000000000000002,0.49999999999999994,0.7,-0.2,0.49999999999999994,0.7,-0.2,"[0.333333,0.500000,0.500000]","[0.333333,0.700000,0.700000]","[0.000000,0.200000,0.200000]"
205,green,green,0.0,0.49999999999999994,0.0,0.21000000000000002,0.7,0.21000000000000002,0.49999999999999994,0.7,-0.2,1.0,0.7,0.30000000000000004,"[0.333333,1.000000,0.500000]","[0.333333,0.700000,0.700000]","[0.000000,-0.300000,0.200000]"
206,green,green,0.44999999999999996,0.8999999999999999,0.44999999999999996,0.21000000000000002,0.7,0.21000000000000002,0.8999999999999999,0.7,0.2,0.49999999999999994,0.7,-0.2,"[0.333333,0.500000,0.900000]","[0.333333,0.700000,0.700000]","[0.000000,0.200000,-0.200000]"
207,green,green,0.0,0.8999999999999999,0.0,0.21000000000000002,0.7,0.21000000000000002,0.8999999999999999,0.7,0.2,1.0,0.7,0.30000000000000004,"[0.333333,1.000000,0.900000]","[0.333333,0.700000,0.700000]","[0.000000,-0.300000,-0.200000]"
208,green,blue,0.24999999999999997,0.24999999999999997,0.49999999999999994,0.21000000000000002,0.7,0.21000000000000002,0.49999999999999994,0.7,-0.2,0.49999999999999994,0.7,-0.2,"[0.666667,0.500000,0.500000]","[0.333333,0.700000,0.700000]","[-0.333333,0.200000,0.200000]"
209,green,blue,0.0,0.0,0.49999999999999994,0.21000000000000002,0.7,0.21000000000000002,0.49999999999999994,0.7,-0.2,1.0,0.7,0.30000000000000004,"[0.666667,1.000000,0.500000]","[0.333333,0.700000,0.700000]","[-0.333333,-0.300000,0.200000]"
210,green,blue,0.44999999999999996,0.44999999999999996,0.8999999999999999,0.21000000000000002,0.7,0.21000000000000002,0.8999999999999999,0.7,0.2,0.49999999999999994,0.7,-0.2,"[0.666667,0.500000,0.900000]","[0.333333,0.700000,0.700000]","[-0.333333,0.200000,-0.200000]"
211,green,blue,0.0,0.0,0.8999999999999999,0.21000000000000002,0.7,0.21000000000000002,0.8999999999999999,0.7,0.2,1.0,0.7,0.30000000000000004,"[0.666667,1.000000,0.900000]","[0.333333,0.700000,0.700000]","[-0.333333,-0.300000,-0.200000]"
212,green,yellow,0.49999999999999994,0.49999999999999994,0.24999999999999997,0.21000000000000002,0.7,0.21000000000000002,0.49999999999999994,0.7,-0.2,0.49999999999999994,0.7,-0.2,"[0.166667,0.500000,0.500000]","[0.333333,0.700000,0.700000]","[0.166667,0.200000,0.200000]"
213,green,yellow,0.49999999999999994,0.49999999999999994,0.0,0.21000000000000002,0.7,0.21000000000000002,0.49999999999999994,0.7,-0.2,1.0,0.7,0.30000000000000004,"[0.166667,1.000000,0.500000]","[0.333333,0.700000,0.700000]","[0.166667,-0.300000,0.200000]"
214,green,yellow,0.8999999999999999,0.8999999999999999,0.44999999999999996,0.21000000000000002,0.7,0.21000000000000002,0.8999999999999999,0.7,0.2,0.49999999999999994,0.7,-0.2,"[0.166667,0.500000,0.900000]","[0.333333,0.700000,0.700000]","[0.166667,0.200000,-0.200000]"
215,green,yellow,0.8999999999999999,0.8999999999999999,0.0,0.21000000000000002,0.7,0.21000000000000002,0.8999999999999999,0.7,0.2,1.0,0.7,0.30000000000000004,"[0.166667,1.000000,0.900000]","[0.333333,0.700000,0.700000]","[0.166667,-0.300000,-0.200000]"
216,blue,gray,0.0,0.0,0.0,0.21,0.21,0.3,0.0,0.3,-0.3,0.0,0.3,-0.3,"[0.000000,0.000000,0.000000]","[0.666667,0.300000,0.300000]","[-0.333333,0.300000,0.300000]"
217,blue,gray,0.7,0.7,0.7,0.21,0.21,0.3,0.7,0.3,0.4,0.0,0.3,-0.3,"[0.000000,0.000000,0.700000]","[0.666667,0.300000,0.300000]","[-0.333333,0.300000,-0.400000]"
218,blue,red,0.09999999999999998,0.08999999999999998,0.08999999999999998,0.21,0.21,0.3,0.09999999999999998,0.3,-0.2,0.09999999999999998,0.3,-0.2,"[0.000000,0.100000,0.100000]","[0.666667,0.300000,0.300000]","[-0.333333,0.200000,0.200000]"
219,blue,red,0.09999999999999998,0.01999999999999999,0.01999999999999999,0.21,0.21,0.3,0.09999999999999998,0.3,-0.2,0.8,0.3,0.5,"[0.000000,0.800000,0.100000]","[0.666667,0.300000,0.300000]","[-0.333333,-0.500000,0.200000]"
220,blue,red,0.09999999999999998,0.0,0.0,0.21,0.21,0.3,0.09999999999999998,0.3,-0.2,1.0,0.3,0.7,"[0.000000,1.000000,0.100000]","[0.666667,0.300000,0.300000]","[-0.333333,-0.700000,0.200000]"
221,blue,red,0.5,0.45,0.45,0.21,0.21,0.3,0.5,0.3,0.2,0.09999999999999998,0.3,-0.2,"[0.000000,0.100000,0.500000]","[0.666667,0.300000,0.300000]","[-0.333333,0.200000,-0.200000]"
222,blue,red,0.5,0.09999999999999998,0.09999999999999998,0.21,0.21,0.3,0.5,0.3,0.2,0.8,0.3,0.5,"[0.000000,0.800000,0.500000]","[0.666667,0.300000,0.300000]","[-0.333333,-0.500000,-0.200000]"
223,blue,red,0.5,0.0,0.0,0.21,0.21,0.3,0.5,0.3,0.2,1.0,0.3,0.7,"[0.000000,1.000000,0.500000]","[0.666667,0.300000,0.300000]","[-0.333333,-0.700000,-0.200000]"
224,blue,green,0.08999999999999998,0.09999999999999998,0.08999999999999998,0.21,0.21,0.3,0.09999999999999998,0.3,-0.2,0.09999999999999998,0.3,-0.2,"[0.333333,0.100000,0.100000]","[0.666667,0.300000,0.300000]","[0.333333,0.200000,0.200000]"
225,blue,green,0.01999999999999999,0.09999999999999998,0.01999999999999999,0.21,0.21,0.3,0.09999999999999998,0.3,-0.2,0.8,0.3,0.5,"[0.333333,0.800000,0.100000]","[0.666667,0.300000,0.300000]","[0.333333,-0.500000,0.200000]"
226,blue,green,0.0,0.09999999999999998,0.0,0.21,0.21,0.3,0.09999999999999998,0.3,-0.2,1.0,0.3,0.7,"[0.333333,1.000000,0.100000]","[0.666667,0.300000,0.300000]","[0.333333,-0.700000,0.200000]"
227,blue,green,0.45,0.5,0.45,0.21,0.21,0.3,0.5,0.3,0.2,0.09999999999999998,0.3,-0.2,"[0.333333,0.100000,0.500000]","[0.666667,0.300000,0.300000]","[0.333333,0.200000,-0.200000]"
228,blue,green,0.09999999999999998,0.5,0.09999999999999998,0.21,0.21,0.3,0.5,0.3,0.2,0.8,0.3,0.5,"[0.333333,0.800000,0.500000]","[0.666667,0.300000,0.300000]","[0.333333,-0.500000,-0.200000]"
229,blue,green,0.0,0.5,0.0,0.21,0.21,0.3,0.5,0.3,0.2,1.0,0.3,0.7,"[0.333333,1.000000,0.500000]","[0.666667,0.300000,0.300000]","[0.333333,-0.700000,-0.200000]"
230,blue,blue,0.08999999999999998,0.08999999999999998,0.09999999999999998,0.21,0.21,0.3,0.09999999999999998,0.3,-0.2,0.09999999999999998,0.3,-0.2,"[0.666667,0.100000,0.100000]","[0.666667,0.300000,0.300000]","[0.000000,0.200000,0.200000]"
231,blue,blue,0.01999999999999999,0.01999999999999999,0.09999999999999998,0.21,0.21,0.3,0.09999999999999998,0.3,-0.2,0.8,0.3,0.5,"[0.666667,0.800000,0.100000]","[0.666667,0.300000,0.300000]","[0.000000,-0.500000,0.200000]"
232,blue,blue,0.0,0.0,0.09999999999999998,0.21,0.21,0.3,0.09999999999999998,0.3,-0.2,1.0,0.3,0.7,"[0.666667,1.000000,0.100000]","[0.666667,0.300000,0.300000]","[0.000000,-0.700000,0.200000]"
233,blue,blue,0.45,0.45,0.5,0.21,0.21,0.3,0.5,0.3,0.2,0.09999999999999998,0.3,-0.2,"[0.666667,0.100000,0.500000]","[0.666667,0.300000,0.300000]","[0.000000,0.200000,-0.200000]"
234,blue,blue,0.09999999999999998,0.09999999999999998,0.5,0.21,0.21,0.3,0.5,0.3,0.2,0.8,0.3,0.5,"[0.666667,0.800000,0.500000]","[0.666667,0.300000,0.300000]","[0.000000,-0.500000,-0.200000]"
235,blue,blue,0.0,0.0,0.5,0.21,0.21,0.3,0.5,0.3,0.2,1.0,0.3,0.7,"[0.666667,1.000000,0.500000]","[0.666667,0.300000,0.300000]","[0.000000,-0.700000,-0.200000]"
236,blue,yellow,0.09999999999999998,0.09999999999999998,0.08999999999999998,0.21,0.21,0.3,0.09999999999999998,0.3,-0.2,0.09999999999999998,0.3,-0.2,"[0.166667,0.100000,0.100000]","[0.666667,0.300000,0.300000]","[-0.500000,0.200000,0.200000]"
237,blue,yellow,0.09999999999999998,0.09999999999999998,0.01999999999999999,0.21,0.21,0.3,0.09999999999999998,0.3,-0.2,0.8,0.3,0.5,"[0.166667,0.800000,0.100000]","[0.666667,0.300000,0.300000]","[-0.500000,-0.500000,0.200000]"
238,blue,yellow,0.09999999999999998,0.09999999999999998,0.0,0.21,0.21,0.3,0.09999999999999998,0.3,-0.2,1.0,0.3,0.7,"[0.166667,1.000000,0.100000]","[0.666667,0.300000,0.300000]","[-0.500000,-0.700000,0.200000]"
239,blue,yellow,0.5,0.5,0.45,0.21,0.21,0.3,0.5,0.3,0.2,0.09999999999999998,0.3,-0.2,"[0.166667,0.100000,0.500000]","[0.666667,0.300000,0.300000]","[-0.500000,0.200000,-0.200000]"
240,blue,yellow,0.5,0.5,0.09999999999999998,0.21,0.21,0.3,0.5,0.3,0.2,0.8,0.3,0.5,"[0.166667,0.800000,0.500000]","[0.666667,0.300000,0.300000]","[-0.500000,-0.500000,-0.200000]"
241,blue,yellow,0.5,0.5,0.0,0.21,0.21,0.3,0.5,0.3,0.2,1.0,0.3,0.7,"[0.166667,1.000000,0.500000]","[0.666667,0.300000,0.300000]","[-0.500000,-0.700000,-0.200000]"
242,blue,gray,0.0,0.0,0.0,0.09000000000000001,0.09000000000000001,0.3,0.0,0.3,-0.3,0.0,0.7,-0.7,"[0.000000,0.000000,0.000000]","[0.666667,0.700000,0.300000]","[-0.333333,0.700000,0.300000]"
243,blue,gray,0.7,0.7,0.7,0.09000000000000001,0.09000000000000001,0.3,0.7,0.3,0.4,0.0,0.7,-0.7,"[0.000000,0.000000,0.700000]","[0.666667,0.700000,0.300000]","[-0.333333,0.700000,-0.400000]"
244,blue,red,0.09999999999999998,0.04999999999999999,0.04999999999999999,0.09000000000000001,0.09000000000000001,0.3,0.09999999999999998,0.3,-0.2,0.49999999999999994,0.7,-0.2,"[0.000000,0.500000,0.100000]","[0.666667,0.700000,0.300000]","[-0.333333,0.200000,0.200000]"
245,blue,red,0.09999999999999998,0.0,0.0,0.09000000000000001,0.09000000000000001,0.3,0.09999999999999998,0.3,-0.2,1.0,0.7,0.30000000000000004,"[0.000000,1.000000,0.100000]","[0.666667,0.700000,0.300000]","[-0.333333,-0.300000,0.200000]"
246,blue,red,0.5,0.25,0.25,0.09000000000000001,0.09000000000000001,0.3,0.5,0.3,0.2,0.49999999999999994,0.7,-0.2,"[0.000000,0.500000,0.500000]","[0.666667,0.700000,0.300000]","[-0.333333,0.200000,-0.200000]"
247,blue,red,0.5,0.0,0.0,0.09000000000000001,0.09000000000000001,0.3,0.5,0.3,0.2,1.0,0.7,0.30000000000000004,"[0.000000,1.000000,0.500000]","[0.666667,0.700000,0.300000]","[-0.333333,-0.300000,-0.200000]"
248,blue,green,0.04999999999999999,0.09999999999999998,0.04999999999999999,0.09000000000000001,0.09000000000000001,0.3,0.09999999999999998,0.3,-0.2,0.49999999999999994,0.7,-0.2,"[0.333333,0.500000,0.100000]","[0.666667,0.700000,0.300000]","[0.333333,0.200000,0.200000]"
249,blue,green,0.0,0.09999999999999998,0.0,0.09000000000000001,0.09000000000000001,0.3,0.09999999999999998,0.3,-0.2,1.0,0.7,0.30000000000000004,"[0.333333,1.000000,0.100000]","[0.666667,0.700000,0.300000]","[0.333333,-0.300000,0.200000]"
250,blue,green,0.25,0.5,0.25,0.09000000000000001,0.09000000000000001,0.3,0.5,0.3,0.2,0.49999999999999994,0.7,-0.2,"[0.333333,0.500000,0.500000]","[0.666667,0.700000,0.300000]","[0.333333,0.200000,-0.200000]"
251,blue,green,0.0,0.5,0.0,0.09000000000000001,0.09000000000000001,0.3,0.5,0.3,0.2,1.0,0.7,0.30000000000000004,"[0.333333,1.000000,0.500000]","[0.666667,0.700000,0.300000]","[0.333333,-0.300000,-0.200000]"
252,blue,blue,0.04999999999999999,0.04999999999999999,0.09999999999999998,0.09000000000000001,0.09000000000000001,0.3,0.09999999999999998,0.3,-0.2,0.49999999999999994,0.7,-0.2,"[0.666667,0.500000,0.100000]","[0.666667,0.700000,0.300000]","[0.000000,0.200000,0.200000]"
253,blue,blue,0.0,0.0,0.09999999999999998,0.09000000000000001,0.09000000000000001,0.3,0.09999999999999998,0.3,-0.2,1.0,0.7,0.30000000000000004,"[0.666667,1.000000,0.100000]","[0.666667,0.700000,0.300000]","[0.000000,-0.300000,0.200000]"
254,blue,blue,0.25,0.25,0.5,0.09000000000000001,0.09000000000000001,0.3,0.5,0.3,0.2,0.49999999999999994,0.7,-0.2,"[0.666667,0.500000,0.500000]","[0.666667,0.700000,0.300000]","[0.000000,0.200000,-0.200000]"
255,blue,blue,0.0,0.0,0.5,0.09000000000000001,0.09000000000000001,0.3,0.5,0.3,0.2,1.0,0.7,0.30000000000000004,"[0.666667,1.000000,0.500000]","[0.666667,0.700000,0.300000]","[0.000000,-0.300000,-0.200000]"
256,blue,yellow,0.09999999999999998,0.09999999999999998,0.04999999999999999,0.09000000000000001,0.09000000000000001,0.3,0.09999999999999998,0.3,-0.2,0.49999999999999994,0.7,-0.2,"[0.166667,0.500000,0.100000]","[0.666667,0.700000,0.300000]","[-0.500000,0.200000,0.200000]"
257,blue,yellow,0.09999999999999998,0.09999999999999998,0.0,0.09000000000000001,0.09000000000000001,0.3,0.09999999999999998,0.3,-0.2,1.0,0.7,0.30000000000000004,"[0.166667,1.000000,0.100000]","[0.666667,0.700000,0.300000]","[-0.500000,-0.300000,0.200000]"
258,blue,yellow,0.5,0.5,0.25,0.09000000000000001,0.09000000000000001,0.3,0.5,0.3,0.2,0.49999999999999994,0.7,-0.2,"[0.166667,0.500000,0.500000]","[0.666667,0.700000,0.300000]","[-0.500000,0.200000,-0.200000]"
259,blue,yellow,0.5,0.5,0.0,0.09000000000000001,0.09000000000000001,0.3,0.5,0.3,0.2,1.0,0.7,0.30000000000000004,"[0.166667,1.000000,0.500000]","[0.666667,0.700000,0.300000]","[-0.500000,-0.300000,-0.200000]"
260,blue,gray,0.29999999999999993,0.29999999999999993,0.29999999999999993,0.48999999999999994,0.48999999999999994,0.7,0.29999999999999993,0.7,-0.4,0.0,0.3,-0.3,"[0.000000,0.000000,0.300000]","[0.666667,0.300000,0.700000]","[-0.333333,0.300000,0.400000]"
261,blue,gray,1.0,1.0,1.0,0.48999999999999994,0.48999999999999994,0.7,1.0,0.7,0.30000000000000004,0.0,0.3,-0.3,"[0.000000,0.000000,1.000000]","[0.666667,0.300000,0.700000]","[-0.333333,0.300000,-0.300000]"
262,blue,red,0.49999999999999994,0.44999999999999996,0.44999999999999996,0.48999999999999994,0.48999999999999994,0.7,0.49999999999999994,0.7,-0.2,0.09999999999999998,0.3,-0.2,"[0.000000,0.100000,0.500000]","[0.666667,0.300000,0.700000]","[-0.333333,0.200000,0.200000]"
263,blue,red,0.49999999999999994,0.09999999999999996,0.09999999999999996,0.48999999999999994,0.48999999999999994,0.7,0.49999999999999994,0.7,-0.2,0.8,0.3,0.5,"[0.000000,0.800000,0.500000]","[0.666667,0.300000,0.700000]","[-0.333333,-0.500000,0.200000]"
264,blue,red,0.49999999999999994,0.0,0.0,0.48999999999999994,0.48999999999999994,0.7,0.49999999999999994,0.7,-0.2,1.0,0.3,0.7,"[0.000000,1.000000,0.500000]","[0.666667,0.300000,0.700000]","[-0.333333,-0.700000,0.200000]"
265,blue,red,0.8999999999999999,0.8099999999999999,0.8099999999999999,0.48999999999999994,0.48999999999999994,0.7,0.8999999999999999,0.7,0.2,0.09999999999999998,0.3,-0.2,"[0.000000,0.100000,0.900000]","[0.666667,0.300000,0.700000]","[-0.333333,0.200000,-0.200000]"
266,blue,red,0.8999999999999999,0.17999999999999994,0.17999999999999994,0.48999999999999994,0.48999999999999994,0.7,0.8999999999999999,0.7,0.2,0.8,0.3,0.5,"[0.000000,0.800000,0.900000]","[0.666667,0.300000,0.700000]","[-0.333333,-0.500000,-0.200000]"
267,blue,red,0.8999999999999999,0.0,0.0,0.48999999999999994,0.48999999999999994,0.7,0.8999999999999999,0.7,0.2,1.0,0.3,0.7,"[0.000000,1.000000,0.900000]","[0.666667,0.300000,0.700000]","[-0.333333,-0.700000,-0.200000]"
268,blue,green,0.44999999999999996,0.49999999999999994,0.44999999999999996,0.48999999999999994,0.48999999999999994,0.7,0.49999999999999994,0.7,-0.2,0.09999999999999998,0.3,-0.2,"[0.333333,0.100000,0.500000]","[0.666667,0.300000,0.700000]","[0.333333,0.200000,0.200000]"
269,blue,green,0.09999999999999996,0.49999999999999994,0.09999999999999996,0.48999999999999994,0.48999999999999994,0.7,0.49999999999999994,0.7,-0.2,0.8,0.3,0.5,"[0.333333,0.800000,0.500000]","[0.666667,0.300000,0.700000]","[0.333333,-0.500000,0.200000]"
270,blue,green,0.0,0.49999999999999994,0.0,0.48999999999999994,0.48999999999999994,0.7,0.49999999999999994,0.7,-0.2,1.0,0.3,0.7,"[0.333333,1.000000,0.500000]","[0.666667,0.300000,0.700000]","[0.333333,-0.700000,0.200000]"
271,blue,green,0.8099999999999999,0.8999999999999999,0.8099999999999999,0.48999999999999994,0.48999999999999994,0.7,0.8999999999999999,0.7,0.2,0.09999999999999998,0.3,-0.2,"[0.333333,0.100000,0.900000]","[0.666667,0.300000,0.700000]","[0.333333,0.200000,-0.200000]"
272,blue,green,0.17999999999999994,0.8999999999999999,0.17999999999999994,0.48999999999999994,0.48999999999999994,0.7,0.8999999999999999,0.7,0.2,0.8,0.3,0.5,"[0.333333,0.800000,0.900000]","[0.666667,0.300000,0.700000]","[0.333333,-0.500000,-0.200000]"
273,blue,green,0.0,0.8999999999999999,0.0,0.48999999999999994,0.48999999999999994,0.7,0.8999999999999999,0.7,0.2,1.0,0.3,0.7,"[0.333333,1.000000,0.900000]","[0.666667,0.300000,0.700000]","[0.333333,-0.700000,-0.200000]"
274,blue,blue,0.44999999999999996,0.44999999999999996,0.49999999999999994,0.48999999999999994,0.48999999999999994,0.7,0.49999999999999994,0.7,-0.2,0.09999999999999998,0.3,-0.2,"[0.666667,0.100000,0.500000]","[0.666667,0.300000,0.700000]","[0.000000,0.200000,0.200000]"
275,blue,blue,0.09999999999999996,0.09999999999999996,0.49999999999999994,0.48999999999999994,0.48999999999999994,0.7,0.49999999999999994,0.7,-0.2,0.8,0.3,0.5,"[0.666667,0.800000,0.500000]","[0.666667,0.300000,0.700000]","[0.000000,-0.500000,0.200000]"
276,blue,blue,0.0,0.0,0.49999999999999994,0.48999999999999994,0.48999999999999994,0.7,0.49999999999999994,0.7,-0.2,1.0,0.3,0.7,"[0.666667,1.000000,0.500000]","[0.666667,0.300000,0.700000]","[0.000000,-0.700000,0.200000]"
277,blue,blue,0.8099999999999999,0.8099999999999999,0.8999999999999999,0.48999999999999994,0.48999999999999994,0.7,0.8999999999999999,0.7,0.2,0.09999999999999998,0.3,-0.2,"[0.666667,0.100000,0.900000]","[0.666667,0.300000,0.700000]","[0.000000,0.200000,-0.200000]"
278,blue,blue,0.17999999999999994,0.17999999999999994,0.8999999999999999,0.48999999999999994,0.48999999999999994,0.7,0.8999999999999999,0.7,0.2,0.8,0.3,0.5,"[0.666667,0.800000,0.900000]","[0.666667,0.300000,0.700000]","[0.000000,-0.500000,-0.200000]"
279,blue,blue,0.0,0.0,0.8999999999999999,0.48999999999999994,0.48999999999999994,0.7,0.8999999999999999,0.7,0.2,1.0,0.3,0.7,"[0.666667,1.000000,0.900000]","[0.666667,0.300000,0.700000]","[0.000000,-0.700000,-0.200000]"
280,blue,yellow,0.49999999999999994,0.49999999999999994,0.44999999999999996,0.48999999999999994,0.48999999999999994,0.7,0.49999999999999994,0.7,-0.2,0.09999999999999998,0.3,-0.2,"[0.166667,0.100000,0.500000]","[0.666667,0.300000,0.700000]","[-0.500000,0.200000,0.200000]"
281,blue,yellow,0.49999999999999994,0.49999999999999994,0.09999999999999996,0.48999999999999994,0.48999999999999994,0.7,0.49999999999999994,0.7,-0.2,0.8,0.3,0.5,"[0.166667,0.800000,0.500000]","[0.666667,0.300000,0.700000]","[-0.500000,-0.500000,0.200000]"
282,blue,yellow,0.49999999999999994,0.49999999999999994,0.0,0.48999999999999994,0.48999999999999994,0.7,0.49999999999999994,0.7,-0.2,1.0,0.3,0.7,"[0.166667,1.000000,0.500000]","[0.666667,0.300000,0.700000]","[-0.500000,-0.700000,0.200000]"
283,blue,yellow,0.8999999999999999,0.8999999999999999,0.8099999999999999,0.48999999999999994,0.48999999999999994,0.7,0.8999999999999999,0.7,0.2,0.09999999999999998,0.3,-0.2,"[0.166667,0.100000,0.900000]","[0.666667,0.300000,0.700000]","[-0.500000,0.200000,-0.200000]"
284,blue,yellow,0.8999999999999999,0.8999999999999999,0.17999999999999994,0.48999999999999994,0.48999999999999994,0.7,0.8999999999999999,0.7,0.2,0.8,0.3,0.5,"[0.166667,0.800000,0.900000]","[0.666667,0.300000,0.700000]","[-0.500000,-0.500000,-0.200000]"
285,blue,yellow,0.8999999999999999,0.8999999999999999,0.0,0.48999999999999994,0.48999999999999994,0.7,0.8999999999999999,0.7,0.2,1.0,0.3,0.7,"[0.166667,1.000000,0.900000]","[0.666667,0.300000,0.700000]","[-0.500000,-0.700000,-0.200000]"
286,blue,gray,0.29999999999999993,0.29999999999999993,0.29999999999999993,0.21000000000000002,0.21000000000000002,0.7,0.29999999999999993,0.7,-0.4,0.0,0.7,-0.7,"[0.000000,0.000000,0.300000]","[0.666667,0.700000,0.700000]","[-0.333333,0.700000,0.400000]"
287,blue,gray,1.0,1.0,1.0,0.21000000000000002,0.21000000000000002,0.7,1.0,0.7,0.30000000000000004,0.0,0.7,-0.7,"[0.000000,0.000000,1.000000]","[0.666667,0.700000,0.700000]","[-0.333333,0.700000,-0.300000]"
288,blue,red,0.49999999999999994,0.24999999999999997,0.24999999999999997,0.21000000000000002,0.21000000000000002,0.7,0.49999999999999994,0.7,-0.2,0.49999999999999994,0.7,-0.2,"[0.000000,0.500000,0.500000]","[0.666667,0.700000,0.700000]","[-0.333333,0.200000,0.200000]"
289,blue,red,0.49999999999999994,0.0,0.0,0.21000000000000002,0.21000000000000002,0.7,0.49999999999999994,0.7,-0.2,1.0,0.7,0.30000000000000004,"[0.000000,1.000000,0.500000]","[0.666667,0.700000,0.700000]","[-0.333333,-0.300000,0.200000]"
290,blue,red,0.8999999999999999,0.44999999999999996,0.44999999999999996,0.21000000000000002,0.21000000000000002,0.7,0.8999999999999999,0.7,0.2,0.49999999999999994,0.7,-0.2,"[0.000000,0.500000,0.900000]","[0.666667,0.700000,0.700000]","[-0.333333,0.200000,-0.200000]"
291,blue,red,0.8999999999999999,0.0,0.0,0.21000000000000002,0.21000000000000002,0.7,0.8999999999999999,0.7,0.2,1.0,0.7,0.30000000000000004,"[0.000000,1.000000,0.900000]","[0.666667,0.700000,0.700000]","[-0.333333,-0.300000,-0.200000]"
292,blue,green,0.24999999999999997,0.49999999999999994,0.24999999999999997,0.21000000000000002,0.21000000000000002,0.7,0.49999999999999994,0.7,-0.2,0.49999999999999994,0.7,-0.2,"[0.333333,0.500000,0.500000]","[0.666667,0.700000,0.700000]","[0.333333,0.200000,0.200000]"
293,blue,green,0.0,0.49999999999999994,0.0,0.21000000000000002,0.21000000000000002,0.7,0.49999999999999994,0.7,-0.2,1.0,0.7,0.30000000000000004,"[0.333333,1.000000,0.500000]","[0.666667,0.700000,0.700000]","[0.333333,-0.300000,0.200000]"
294,blue,green,0.44999999999999996,0.8999999999999999,0.44999999999999996,0.21000000000000002,0.21000000000000002,0.7,0.8999999999999999,0.7,0.2,0.49999999999999994,0.7,-0.2,"[0.333333,0.500000,0.900000]","[0.666667,0.700000,0.700000]","[0.333333,0.200000,-0.200000]"
295,blue,green,0.0,0.8999999999999999,0.0,0.21000000000000002,0.21000000000000002,0.7,0.8999999999999999,0.7,0.2,1.0,0.7,0.30000000000000004,"[0.333333,1.000000,0.900000]","[0.666667,0.700000,0.700000]","[0.333333,-0.300000,-0.200000]"
296,blue,blue,0.24999999999999997,0.24999999999999997,0.49999999999999994,0.21000000000000002,0.21000000000000002,0.7,0.49999999999999994,0.7,-0.2,0.49999999999999994,0.7,-0.2,"[0.666667,0.500000,0.500000]","[0.666667,0.700000,0.700000]","[0.000000,0.200000,0.200000]"
297,blue,blue,0.0,0.0,0.49999999999999994,0.21000000000000002,0.21000000000000002,0.7,0.49999999999999994,0.7,-0.2,1.0,0.7,0.30000000000000004,"[0.666667,1.000000,0.500000]","[0.666667,0.700000,0.700000]","[0.000000,-0.300000,0.200000]"
298,blue,blue,0.44999999999999996,0.44999999999999996,0.8999999999999999,0.21000000000000002,0.21000000000000002,0.7,0.8999999999999999,0.7,0.2,0.49999999999999994,0.7,-0.2,"[0.666667,0.500000,0.900000]","[0.666667,0.700000,0.700000]","[0.000000,0.200000,-0.200000]"
299,blue,blue,0.0,0.0,0.8999999999999999,0.21000000000000002,0.21000000000000002,0.7,0.8999999999999999,0.7,0.2,1.0,0.7,0.30000000000000004,"[0.666667,1.000000,0.900000]","[0.666667,0.700000,0.700000]","[0.000000,-0.300000,-0.200000]"
300,blue,yellow,0.49999999999999994,0.49999999999999994,0.24999999999999997,0.21000000000000002,0.21000000000000002,0.7,0.49999999999999994,0.7,-0.2,0.49999999999999994,0.7,-0.2,"[0.166667,0.500000,0.500000]","[0.666667,0.700000,0.700000]","[-0.500000,0.200000,0.200000]"
301,blue,yellow,0.49999999999999994,0.49999999999999994,0.0,0.21000000000000002,0.21000000000000002,0.7,0.49999999999999994,0.7,-0.2,1.0,0.7,0.30000000000000004,"[0.166667,1.000000,0.500000]","[0.666667,0.700000,0.700000]","[-0.500000,-0.300000,0.200000]"
302,blue,yellow,0.8999999999999999,0.8999999999999999,0.44999999999999996,0.21000000000000002,0.21000000000000002,0.7,0.8999999999999999,0.7,0.2,0.49999999999999994,0.7,-0.2,"[0.166667,0.500000,0.900000]","[0.666667,0.700000,0.700000]","[-0.500000,0.200000,-0.200000]"
303,blue,yellow,0.8999999999999999,0.8999999999999999,0.0,0.21000000000000002,0.21000000000000002,0.7,0.8999999999999999,0.7,0.2,1.0,0.7,0.30000000000000004,"[0.166667,1.000000,0.900000]","[0.666667,0.700000,0.700000]","[-0.500000,-0.300000,-0.200000]"
304,yellow,gray,0.0,0.0,0.0,0.3,0.3,0.21,0.0,0.3,-0.3,0.0,0.3,-0.3,"[0.000000,0.000000,0.000000]","[0.166667,0.300000,0.300000]","[0.166667,0.300000,0.300000]"
305,yellow,gray,0.7,0.7,0.7,0.3,0.3,0.21,0.7,0.3,0.4,0.0,0.3,-0.3,"[0.000000,0.000000,0.700000]","[0.166667,0.300000,0.300000]","[0.166667,0.300000,-0.400000]"
306,yellow,red,0.09999999999999998,0.08999999999999998,0.08999999999999998,0.3,0.3,0.21,0.09999999999999998,0.3,-0.2,0.09999999999999998,0.3,-0.2,"[0.000000,0.100000,0.100000]","[0.166667,0.300000,0.300000]","[0.166667,0.200000,0.200000]"
307,yellow,red,0.09999999999999998,0.01999999999999999,0.01999999999999999,0.3,0.3,0.21,0.09999999999999998,0.3,-0.2,0.8,0.3,0.5,"[0.000000,0.800000,0.100000]","[0.166667,0.300000,0.300000]","[0.166667,-0.500000,0.200000]"
308,yellow,red,0.09999999999999998,0.0,0.0,0.3,0.3,0.21,0.09999999999999998,0.3,-0.2,1.0,0.3,0.7,"[0.000000,1.000000,0.100000]","[0.166667,0.300000,0.300000]","[0.166667,-0.700000,0.200000]"
309,yellow,red,0.5,0.45,0.45,0.3,0.3,0.21,0.5,0.3,0.2,0.09999999999999998,0.3,-0.2,"[0.000000,0.100000,0.500000]","[0.166667,0.300000,0.300000]","[0.166667,0.200000,-0.200000]"
310,yellow,red,0.5,0.09999999999999998,0.09999999999999998,0.3,0.3,0.21,0.5,0.3,0.2,0.8,0.3,0.5,"[0.000000,0.800000,0.500000]","[0.166667,0.300000,0.300000]","[0.166667,-0.500000,-0.200000]"
311,yellow,red,0.5,0.0,0.0,0.3,0.3,0.21,0.5,0.3,0.2,1.0,0.3,0.7,"[0.000000,1.000000,0.500000]","[0.166667,0.300000,0.300000]","[0.166667,-0.700000,-0.200000]"
312,yellow,green,0.08999999999999998,0.09999999999999998,0.08999999999999998,0.3,0.3,0.21,0.09999999999999998,0.3,-0.2,0.09999999999999998,0.3,-0.2,"[0.333333,0.100000,0.100000]","[0.166667,0.300000,0.300000]","[-0.166667,0.200000,0.200000]"
313,yellow,green,0.01999999999999999,0.09999999999999998,0.01999999999999999,0.3,0.3,0.21,0.09999999999999998,0.3,-0.2,0.8,0.3,0.5,"[0.333333,0.800000,0.100000]","[0.166667,0.300000,0.300000]","[-0.166667,-0.500000,0.200000]"
314,yellow,green,0.0,0.09999999999999998,0.0,0.3,0.3,0.21,0.09999999999999998,0.3,-0.2,1.0,0.3,0.7,"[0.333333,1.000000,0.100000]","[0.166667,0.300000,0.300000]","[-0.166667,-0.700000,0.200000]"
315,yellow,green,0.45,0.5,0.45,0.3,0.3,0.21,0.5,0.3,0.2,0.09999999999999998,0.3,-0.2,"[0.333333,0.100000,0.500000]","[0.166667,0.300000,0.300000]","[-0.166667,0.200000,-0.200000]"
316,yellow,green,0.09999999999999998,0.5,0.09999999999999998,0.3,0.3,0.21,0.5,0.3,0.2,0.8,0.3,0.5,"[0.333333,0.800000,0.500000]","[0.166667,0.300000,0.300000]","[-0.166667,-0.500000,-0.200000]"
317,yellow,green,0.0,0.5,0.0,0.3,0.3,0.21,0.5,0.3,0.2,1.0,0.3,0.7,"[0.333333,1.000000,0.500000]","[0.166667,0.300000,0.300000]","[-0.166667,-0.700000,-0.200000]"
318,yellow,blue,0.08999999999999998,0.08999999999999998,0.09999999999999998,0.3,0.3,0.21,0.09999999999999998,0.3,-0.2,0.09999999999999998,0.3,-0.2,"[0.666667,0.100000,0.100000]","[0.166667,0.300000,0.300000]","[-0.500000,0.200000,0.200000]"
319,yellow,blue,0.01999999999999999,0.01999999999999999,0.09999999999999998,0.3,0.3,0.21,0.09999999999999998,0.3,-0.2,0.8,0.3,0.5,"[0.666667,0.800000,0.100000]","[0.166667,0.300000,0.300000]","[-0.500000,-0.500000,0.200000]"
320,yellow,blue,0.0,0.0,0.09999999999999998,0.3,0.3,0.21,0.09999999999999998,0.3,-0.2,1.0,0.3,0.7,"[0.666667,1.000000,0.100000]","[0.166667,0.300000,0.300000]","[-0.500000,-0.700000,0.200000]"
321,yellow,blue,0.45,0.45,0.5,0.3,0.3,0.21,0.5,0.3,0.2,0.09999999999999998,0.3,-0.2,"[0.666667,0.100000,0.500000]","[0.166667,0.300000,0.300000]","[-0.500000,0.200000,-0.200000]"
322,yellow,blue,0.09999999999999998,0.09999999999999998,0.5,0.3,0.3,0.21,0.5,0.3,0.2,0.8,0.3,0.5,"[0.666667,0.800000,0.500000]","[0.166667,0.300000,0.300000]","[-0.500000,-0.500000,-0.200000]"
323,yellow,blue,0.0,0.0,0.5,0.3,0.3,0.21,0.5,0.3,0.2,1.0,0.3,0.7,"[0.666667,1.000000,0.500000]","[0.166667,0.300000,0.300000]","[-0.500000,-0.700000,-0.200000]"
324,yellow,yellow,0.09999999999999998,0.09999999999999998,0.08999999999999998,0.3,0.3,0.21,0.09999999999999998,0.3,-0.2,0.09999999999999998,0.3,-0.2,"[0.166667,0.100000,0.100000]","[0.166667,0.300000,0.300000]","[0.000000,0.200000,0.200000]"
325,yellow,yellow,0.09999999999999998,0.09999999999999998,0.01999999999999999,0.3,0.3,0.21,0.09999999999999998,0.3,-0.2,0.8,0.3,0.5,"[0.166667,0.800000,0.100000]","[0.166667,0.300000,0.300000]","[0.000000,-0.500000,0.200000]"
326,yellow,yellow,0.09999999999999998,0.09999999999999998,0.0,0.3,0.3,0.21,0.09999999999999998,0.3,-0.2,1.0,0.3,0.7,"[0.166667,1.000000,0.100000]","[0.166667,0.300000,0.300000]","[0.000000,-0.700000,0.200000]"
327,yellow,yellow,0.5,0.5,0.45,0.3,0.3,0.21,0.5,0.3,0.2,0.09999999999999998,0.3,-0.2,"[0.166667,0.100000,0.500000]","[0.166667,0.300000,0.300000]","[0.000000,0.200000,-0.200000]"
328,yellow,yellow,0.5,0.5,0.09999999999999998,0.3,0.3,0.21,0.5,0.3,0.2,0.8,0.3,0.5,"[0.166667,0.800000,0.500000]","[0.166667,0.300000,0.300000]","[0.000000,-0.500000,-0.200000]"
329,yellow,yellow,0.5,0.5,0.0,0.3,0.3,0.21,0.5,0.3,0.2,1.0,0.3,0.7,"[0.166667,1.000000,0.500000]","[0.166667,0.300000,0.300000]","[0.000000,-0.700000,-0.200000]"
330,yellow,gray,0.0,0.0,0.0,0.3,0.3,0.09000000000000001,0.0,0.3,-0.3,0.0,0.7,-0.7,"[0.000000,0.000000,0.000000]","[0.166667,0.700000,0.300000]","[0.166667,0.700000,0.300000]"
331,yellow,gray,0.7,0.7,0.7,0.3,0.3,0.09000000000000001,0.7,0.3,0.4,0.0,0.7,-0.7,"[0.000000,0.000000,0.700000]","[0.166667,0.700000,0.300000]","[0.166667,0.700000,-0.400000]"
332,yellow,red,0.09999999999999998,0.04999999999999999,0.04999999999999999,0.3,0.3,0.09000000000000001,0.09999999999999998,0.3,-0.2,0.49999999999999994,0.7,-0.2,"[0.000000,0.500000,0.100000]","[0.166667,0.700000,0.300000]","[0.166667,0.200000,0.200000]"
333,yellow,red,0.09999999999999998,0.0,0.0,0.3,0.3,0.09000000000000001,0.09999999999999998,0.3,-0.2,1.0,0.7,0.30000000000000004,"[0.000000,1.000000,0.100000]","[0.166667,0.700000,0.300000]","[0.166667,-0.300000,0.200000]"
334,yellow,red,0.5,0.25,0.25,0.3,0.3,0.09000000000000001,0.5,0.3,0.2,0.49999999999999994,0.7,-0.2,"[0.000000,0.500000,0.500000]","[0.166667,0.700000,0.300000]","[0.166667,0.200000,-0.200000]"
335,yellow,red,0.5,0.0,0.0,0.3,0.3,0.09000000000000001,0.5,0.3,0.2,1.0,0.7,0.30000000000000004,"[0.000000,1.000000,0.500000]","[0.166667,0.700000,0.300000]","[0.166667,-0.300000,-0.200000]"
336,yellow,green,0.04999999999999999,0.09999999999999998,0.04999999999999999,0.3,0.3,0.09000000000000001,0.09999999999999998,0.3,-0.2,0.49999999999999994,0.7,-0.2,"[0.333333,0.500000,0.100000]","[0.166667,0.700000,0.300000]","[-0.166667,0.200000,0.200000]"
337,yellow,green,0.0,0.09999999999999998,0.0,0.3,0.3,0.09000000000000001,0.09999999999999998,0.3,-0.2,1.0,0.7,0.30000000000000004,"[0.333333,1.000000,0.100000]","[0.166667,0.700000,0.300000]","[-0.166667,-0.300000,0.200000]"
338,yellow,green,0.25,0.5,0.25,0.3,0.3,0.09000000000000001,0.5,0.3,0.2,0.49999999999999994,0.7,-0.2,"[0.333333,0.500000,0.500000]","[0.166667,0.700000,0.300000]","[-0.166667,0.200000,-0.200000]"
339,yellow,green,0.0,0.5,0.0,0.3,0.3,0.09000000000000001,0.5,0.3,0.2,1.0,0.7,0.30000000000000004,"[0.333333,1.000000,0.500000]","[0.166667,0.700000,0.300000]","[-0.166667,-0.300000,-0.200000]"
340,yellow,blue,0.04999999999999999,0.04999999999999999,0.09999999999999998,0.3,0.3,0.09000000000000001,0.09999999999999998,0.3,-0.2,0.49999999999999994,0.7,-0.2,"[0.666667,0.500000,0.100000]","[0.166667,0.700000,0.300000]","[-0.500000,0.200000,0.200000]"
341,yellow,blue,0.0,0.0,0.09999999999999998,0.3,0.3,0.09000000000000001,0.09999999999999998,0.3,-0.2,1.0,0.7,0.30000000000000004,"[0.666667,1.000000,0.100000]","[0.166667,0.700000,0.300000]","[-0.500000,-0.300000,0.200000]"
342,yellow,blue,0.25,0.25,0.5,0.3,0.3,0.09000000000000001,0.5,0.3,0.2,0.49999999999999994,0.7,-0.2,"[0.666667,0.500000,0.500000]","[0.166667,0.700000,0.300000]","[-0.500000,0.200000,-0.200000]"
343,yellow,blue,0.0,0.0,0.5,0.3,0.3,0.09000000000000001,0.5,0.3,0.2,1.0,0.7,0.30000000000000004,"[0.666667,1.000000,0.500000]","[0.166667,0.700000,0.300000]","[-0.500000,-0.300000,-0.200000]"
344,yellow,yellow,0.09999999999999998,0.09999999999999998,0.04999999999999999,0.3,0.3,0.09000000000000001,0.09999999999999998,0.3,-0.2,0.49999999999999994,0.7,-0.2,"[0.166667,0.500000,0.100000]","[0.166667,0.700000,0.300000]","[0.000000,0.200000,0.200000]"
345,yellow,yellow,0.09999999999999998,0.09999999999999998,0.0,0.3,0.3,0.09000000000000001,0.09999999999999998,0.3,-0.2,1.0,0.7,0.30000000000000004,"[0.166667,1.000000,0.100000]","[0.166667,0.700000,0.300000]","[0.000000,-0.300000,0.200000]"
346,yellow,yellow,0.5,0.5,0.25,0.3,0.3,0.09000000000000001,0.5,0.3,0.2,0.49999999999999994,0.7,-0.2,"[0.166667,0.500000,0.500000]","[0.166667,0.700000,0.300000]","[0.000000,0.200000,-0.200000]"
347,yellow,yellow,0.5,0.5,0.0,0.3,0.3,0.09000000000000001,0.5,0.3,0.2,1.0,0.7,0.30000000000000004,"[0.166667,1.000000,0.500000]","[0.166667,0.700000,0.300000]","[0.000000,-0.300000,-0.200000]"
348,yellow,gray,0.29999999999999993,0.29999999999999993,0.29999999999999993,0.7,0.7,0.48999999999999994,0.29999999999999993,0.7,-0.4,0.0,0.3,-0.3,"[0.000000,0.000000,0.300000]","[0.166667,0.300000,0.700000]","[0.166667,0.300000,0.400000]"
349,yellow,gray,1.0,1.0,1.0,0.7,0.7,0.48999999999999994,1.0,0.7,0.30000000000000004,0.0,0.3,-0.3,"[0.000000,0.000000,1.000000]","[0.166667,0.300000,0.700000]","[0.166667,0.300000,-0.300000]"
350,yellow,red,0.49999999999999994,0.44999999999999996,0.44999999999999996,0.7,0.7,0.48999999999999994,0.49999999999999994,0.7,-0.2,0.09999999999999998,0.3,-0.2,"[0.000000,0.100000,0.500000]","[0.166667,0.300000,0.700000]","[0.166667,0.200000,0.200000]"
351,yellow,red,0.49999999999999994,0.09999999999999996,0.09999999999999996,0.7,0.7,0.48999999999999994,0.49999999999999994,0.7,-0.2,0.8,0.3,0.5,"[0.000000,0.800000,0.500000]","[0.166667,0.300000,0.700000]","[0.166667,-0.500000,0.200000]"
352,yellow,red,0.49999999999999994,0.0,0.0,0.7,0.7,0.48999999999999994,0.49999999999999994,0.7,-0.2,1.0,0.3,0.7,"[0.000000,1.000000,0.500000]","[0.166667,0.300000,0.700000]","[0.166667,-0.700000,0.200000]"
353,yellow,red,0.8999999999999999,0.8099999999999999,0.8099999999999999,0.7,0.7,0.48999999999999994,0.8999999999999999,0.7,0.2,0.09999999999999998,0.3,-0.2,"[0.000000,0.100000,0.900000]","[0.166667,0.300000,0.700000]","[0.166667,0.200000,-0.200000]"
354,yellow,red,0.8999999999999999,0.17999999999999994,0.17999999999999994,0.7,0.7,0.48999999999999994,0.8999999999999999,0.7,0.2,0.8,0.3,0.5,"[0.000000,0.800000,0.900000]","[0.166667,0.300000,0.700000]","[0.166667,-0.500000,-0.200000]"
355,yellow,red,0.8999999999999999,0.0,0.0,0.7,0.7,0.48999999999999994,0.8999999999999999,0.7,0.2,1.0,0.3,0.7,"[0.000000,1.000000,0.900000]","[0.166667,0.300000,0.700000]","[0.166667,-0.700000,-0.200000]"
356,yellow,green,0.44999999999999996,0.49999999999999994,0.44999999999999996,0.7,0.7,0.48999999999999994,0.49999999999999994,0.7,-0.2,0.09999999999999998,0.3,-0.2,"[0.333333,0.100000,0.500000]","[0.166667,0.300000,0.700000]","[-0.166667,0.200000,0.200000]"
357,yellow,green,0.09999999999999996,0.49999999999999994,0.09999999999999996,0.7,0.7,0.48999999999999994,0.49999999999999994,0.7,-0.2,0.8,0.3,0.5,"[0.333333,0.800000,0.500000]","[0.166667,0.300000,0.700000]","[-0.166667,-0.500000,0.200000]"
358,yellow,green,0.0,0.49999999999999994,0.0,0.7,0.7,0.48999999999999994,0.49999999999999994,0.7,-0.2,1.0,0.3,0.7,"[0.333333,1.000000,0.500000]","[0.166667,0.300000,0.700000]","[-0.166667,-0.700000,0.200000]"
359,yellow,green,0.8099999999999999,0.8999999999999999,0.8099999999999999,0.7,0.7,0.48999999999999994,0.8999999999999999,0.7,0.2,0.09999999999999998,0.3,-0.2,"[0.333333,0.100000,0.900000]","[0.166667,0.300000,0.700000]","[-0.166667,0.200000,-0.200000]"
360,yellow,green,0.17999999999999994,0.8999999999999999,0.17999999999999994,0.7,0.7,0.48999999999999994,0.8999999999999999,0.7,0.2,0.8,0.3,0.5,"[0.333333,0.800000,0.900000]","[0.166667,0.300000,0.700000]","[-0.166667,-0.500000,-0.200000]"
361,yellow,green,0.0,0.8999999999999999,0.0,0.7,0.7,0.48999999999999994,0.8999999999999999,0.7,0.2,1.0,0.3,0.7,"[0.333333,1.000000,0.900000]","[0.166667,0.300000,0.700000]","[-0.166667,-0.700000,-0.200000]"
362,yellow,blue,0.44999999999999996,0.44999999999999996,0.49999999999999994,0.7,0.7,0.48999999999999994,0.49999999999999994,0.7,-0.2,0.09999999999999998,0.3,-0.2,"[0.666667,0.100000,0.500000]","[0.166667,0.300000,0.700000]","[-0.500000,0.200000,0.200000]"
363,yellow,blue,0.09999999999999996,0.09999999999999996,0.49999999999999994,0.7,0.7,0.48999999999999994,0.49999999999999994,0.7,-0.2,0.8,0.3,0.5,"[0.666667,0.800000,0.500000]","[0.166667,0.300000,0.700000]","[-0.500000,-0.500000,0.200000]"
364,yellow,blue,0.0,0.0,0.49999999999999994,0.7,0.7,0.48999999999999994,0.49999999999999994,0.7,-0.2,1.0,0.3,0.7,"[0.666667,1.000000,0.500000]","[0.166667,0.300000,0.700000]","[-0.500000,-0.700000,0.200000]"
365,yellow,blue,0.8099999999999999,0.8099999999999999,0.8999999999999999,0.7,0.7,0.48999999999999994,0.8999999999999999,0.7,0.2,0.09999999999999998,0.3,-0.2,"[0.666667,0.100000,0.900000]","[0.166667,0.300000,0.700000]","[-0.500000,0.200000,-0.200000]"
366,yellow,blue,0.17999999999999994,0.17999999999999994,0.8999999999999999,0.7,0.7,0.48999999999999994,0.8999999999999999,0.7,0.2,0.8,0.3,0.5,"[0.666667,0.800000,0.900000]","[0.166667,0.300000,0.700000]","[-0.500000,-0.500000,-0.200000]"
367,yellow,blue,0.0,0.0,0.8999999999999999,0.7,0.7,0.48999999999999994,0.8999999999999999,0.7,0.2,1.0,0.3,0.7,"[0.666667,1.000000,0.900000]","[0.166667,0.300000,0.700000]","[-0.500000,-0.700000,-0.200000]"
368,yellow,yellow,0.49999999999999994,0.49999999999999994,0.44999999999999996,0.7,0.7,0.48999999999999994,0.49999999999999994,0.7,-0.2,0.09999999999999998,0.3,-0.2,"[0.166667,0.100000,0.500000]","[0.166667,0.300000,0.700000]","[0.000000,0.200000,0.200000]"
369,yellow,yellow,0.49999999999999994,0.49999999999999994,0.09999999999999996,0.7,0.7,0.48999999999999994,0.49999999999999994,0.7,-0.2,0.8,0.3,0.5,"[0.166667,0.800000,0.500000]","[0.166667,0.300000,0.700000]","[0.000000,-0.500000,0.200000]"
370,yellow,yellow,0.49999999999999994,0.49999999999999994,0.0,0.7,0.7,0.48999999999999994,0.49999999999999994,0.7,-0.2,1.0,0.3,0.7,"[0.166667,1.000000,0.500000]","[0.166667,0.300000,0.700000]","[0.000000,-0.700000,0.200000]"
371,yellow,yellow,0.8999999999999999,0.8999999999999999,0.8099999999999999,0.7,0.7,0.48999999999999994,0.8999999999999999,0.7,0.2,0.09999999999999998,0.3,-0.2,"[0.166667,0.100000,0.900000]","[0.166667,0.300000,0.700000]","[0.000000,0.200000,-0.200000]"
372,yellow,yellow,0.8999999999999999,0.8999999999999999,0.17999999999999994,0.7,0.7,0.48999999999999994,0.8999999999999999,0.7,0.2,0.8,0.3,0.5,"[0.166667,0.800000,0.900000]","[0.166667,0.300000,0.700000]","[0.000000,-0.500000,-0.200000]"
373,yellow,yellow,0.8999999999999999,0.8999999999999999,0.0,0.7,0.7,0.48999999999999994,0.8999999999999999,0.7,0.2,1.0,0.3,0.7,"[0.166667,1.000000,0.900000]","[0.166667,0.300000,0.700000]","[0.000000,-0.700000,-0.200000]"
374,yellow,gray,0.29999999999999993,0.29999999999999993,0.29999999999999993,0.7,0.7,0.21000000000000002,0.29999999999999993,0.7,-0.4,0.0,0.7,-0.7,"[0.000000,0.000000,0.300000]","[0.166667,0.700000,0.700000]","[0.166667,0.700000,0.400000]"
375,yellow,gray,1.0,1.0,1.0,0.7,0.7,0.21000000000000002,1.0,0.7,0.30000000000000004,0.0,0.7,-0.7,"[0.000000,0.000000,1.000000]","[0.166667,0.700000,0.700000]","[0.166667,0.700000,-0.300000]"
376,yellow,red,0.49999999999999994,0.24999999999999997,0.24999999999999997,0.7,0.7,0.21000000000000002,0.49999999999999994,0.7,-0.2,0.49999999999999994,0.7,-0.2,"[0.000000,0.500000,0.500000]","[0.166667,0.700000,0.700000]","[0.166667,0.200000,0.200000]"
377,yellow,red,0.49999999999999994,0.0,0.0,0.7,0.7,0.21000000000000002,0.49999999999999994,0.7,-0.2,1.0,0.7,0.30000000000000004,"[0.000000,1.000000,0.500000]","[0.166667,0.700000,0.700000]","[0.166667,-0.300000,0.200000]"
378,yellow,red,0.8999999999999999,0.44999999999999996,0.44999999999999996,0.7,0.7,0.21000000000000002,0.8999999999999999,0.7,0.2,0.49999999999999994,0.7,-0.2,"[0.000000,0.500000,0.900000]","[0.166667,0.700000,0.700000]","[0.166667,0.200000,-0.200000]"
379,yellow,red,0.8999999999999999,0.0,0.0,0.7,0.7,0.21000000000000002,0.8999999999999999,0.7,0.2,1.0,0.7,0.30000000000000004,"[0.000000,1.000000,0.900000]","[0.166667,0.700000,0.700000]","[0.166667,-0.300000,-0.200000]"
380,yellow,green,0.24999999999999997,0.49999999999999994,0.24999999999999997,0.7,0.7,0.21000000000000002,0.49999999999999994,0.7,-0.2,0.49999999999999994,0.7,-0.2,"[0.333333,0.500000,0.500000]","[0.166667,0.700000,0.700000]","[-0.166667,0.200000,0.200000]"
381,yellow,green,0.0,0.49999999999999994,0.0,0.7,0.7,0.21000000000000002,0.49999999999999994,0.7,-0.2,1.0,0.7,0.30000000000000004,"[0.333333,1.000000,0.500000]","[0.166667,0.700000,0.700000]","[-0.166667,-0.300000,0.200000]"
382,yellow,green,0.44999999999999996,0.8999999999999999,0.44999999999999996,0.7,0.7,0.21000000000000002,0.8999999999999999,0.7,0.2,0.49999999999999994,0.7,-0.2,"[0.333333,0.500000,0.900000]","[0.166667,0.700000,0.700000]","[-0.166667,0.200000,-0.200000]"
383,yellow,green,0.0,0.8999999999999999,0.0,0.7,0.7,0.21000000000000002,0.8999999999999999,0.7,0.2,1.0,0.7,0.30000000000000004,"[0.333333,1.000000,0.900000]","[0.166667,0.700000,0.700000]","[-0.166667,-0.300000,-0.200000]"
384,yellow,blue,0.24999999999999997,0.24999999999999997,0.49999999999999994,0.7,0.7,0.21000000000000002,0.49999999999999994,0.7,-0.2,0.49999999999999994,0.7,-0.2,"[0.666667,0.500000,0.500000]","[0.166667,0.700000,0.700000]","[-0.500000,0.200000,0.200000]"
385,yellow,blue,0.0,0.0,0.49999999999999994,0.7,0.7,0.21000000000000002,0.49999999999999994,0.7,-0.2,1.0,0.7,0.30000000000000004,"[0.666667,1.000000,0.500000]","[0.166667,0.700000,0.700000]","[-0.500000,-0.300000,0.200000]"
386,yellow,blue,0.44999999999999996,0.44999999999999996,0.8999999999999999,0.7,0.7,0.21000000000000002,0.8999999999999999,0.7,0.2,0.49999999999999994,0.7,-0.2,"[0.666667,0.500000,0.900000]","[0.166667,0.700000,0.700000]","[-0.500000,0.200000,-0.200000]"
387,yellow,blue,0.0,0.0,0.8999999999999999,0.7,0.7,0.21000000000000002,0.8999999999999999,0.7,0.2,1.0,0.7,0.30000000000000004,"[0.666667,1.000000,0.900000]","[0.166667,0.700000,0.700000]","[-0.500000,-0.300000,-0.200000]"
388,yellow,yellow,0.49999999999999994,0.49999999999999994,0.24999999999999997,0.7,0.7,0.21000000000000002,0.49999999999999994,0.7,-0.2,0.49999999999999994,0.7,-0.2,"[0.166667,0.500000,0.500000]","[0.166667,0.700000,0.700000]","[0.000000,0.200000,0.200000]"
389,yellow,yellow,0.49999999999999994,0.49999999999999994,0.0,0.7,0.7,0.21000000000000002,0.49999999999999994,0.7,-0.2,1.0,0.7,0.30000000000000004,"[0.166667,1.000000,0.500000]","[0.166667,0.700000,0.700000]","[0.000000,-0.300000,0.200000]"
390,yellow,yellow,0.8999999999999999,0.8999999999999999,0.44999999999999996,0.7,0.7,0.21000000000000002,0.8999999999999999,0.7,0.2,0.49999999999999994,0.7,-0.2,"[0.166667,0.500000,0.900000]","[0.166667,0.700000,0.700000]","[0.000000,0.200000,-0.200000]"
391,yellow,yellow,0.8999999999999999,0.8999999999999999,0.0,0.7,0.7,0.21000000000000002,0.8999999999999999,0.7,0.2,1.0,0.7,0.30000000000000004,"[0.166667,1.000000,0.900000]","[0.166667,0.700000,0.700000]","[0.000000,-0.300000,-0.200000]"
